月份,監測項目,監測站,測站編號,有效測定日數(日),測定時數(時),月平均值(ppm),一小時值超過35ppm之時數(時),一小時值超過35ppm之時數(%),連續8小時之平均值超過9ppm次數(次),日平均值超過10ppm日數(日),日平均值超過10ppm日數(%),一小時值之最高值(ppm),一小時值之最高值(發生日),一小時值之最高值(發生時),連續8小時平均值之最高值(ppm)
104年1月,一氧化碳,中正站,2533616A0015,31,708,0.99,0,0,0,0,0,5.32,5,19,2.91
104年1月,一氧化碳,大直站,2533916A0007,30,699,0.77,0,0,0,0,0,3.02,5,9,1.87
104年1月,一氧化碳,信義站,2534516A0004,31,706,0.81,0,0,0,0,0,2.74,5,20,2.57
104年1月,一氧化碳,南港站,2534116A0005,26,651,0.59,0,0,0,0,0,2.25,5,21,1.77
104年1月,一氧化碳,內湖站,2534216A0011,31,703,0.79,0,0,0,0,0,2.93,16,10,2.31
104年1月,一氧化碳,木柵站,2534016A0012,26,653,0.53,0,0,0,0,0,1.99,5,18,1.54
104年1月,一氧化碳,承德站,2534316T0025,29,688,1.29,0,0,0,0,0,4.87,5,17,2.84
104年1月,一氧化碳,中北站,2533916T0022,31,708,1.57,0,0,0,0,0,6.81,5,20,4.58
104年2月,一氧化碳,中正站,2533616A0015,28,638,0.98,0,0,0,0,0,3.07,25,23,1.77
104年2月,一氧化碳,大直站,2533916A0007,28,618,0.59,0,0,0,0,0,2.34,16,9,1.27
104年2月,一氧化碳,信義站,2534516A0004,28,638,0.68,0,0,0,0,0,1.87,25,23,1.49
104年2月,一氧化碳,南港站,2534116A0005,28,625,0.62,0,0,0,0,0,2.25,13,22,1.54
104年2月,一氧化碳,內湖站,2534216A0011,28,636,0.87,0,0,0,0,0,2.62,16,9,1.69
104年2月,一氧化碳,木柵站,2534016A0012,26,619,0.63,0,0,0,0,0,1.47,23,19,1.2
104年2月,一氧化碳,承德站,2534316T0025,28,639,1.2,0,0,0,0,0,4.31,26,7,2.56
104年2月,一氧化碳,中北站,2533916T0022,28,639,1.53,0,0,0,0,0,5.4,16,8,2.76
104年3月,一氧化碳,中正站,2533616A0015,31,704,0.96,0,0,0,0,0,3.26,26,22,2.66
104年3月,一氧化碳,大直站,2533916A0007,29,686,0.66,0,0,0,0,0,2.31,13,9,1.75
104年3月,一氧化碳,信義站,2534516A0004,31,697,0.69,0,0,0,0,0,1.73,30,9,1.39
104年3月,一氧化碳,南港站,2534116A0005,31,703,0.65,0,0,0,0,0,2.09,17,9,1.66
104年3月,一氧化碳,內湖站,2534216A0011,28,700,0.7,0,0,0,0,0,1.81,2,23,1.53
104年3月,一氧化碳,木柵站,2534016A0012,29,666,0.62,0,0,0,0,0,1.87,8,22,1.45
104年3月,一氧化碳,承德站,2534316T0025,31,705,1.24,0,0,0,0,0,4.51,2,22,3.47
104年3月,一氧化碳,中北站,2533916T0022,31,706,1.58,0,0,0,0,0,4.75,26,22,3.09
104年4月,一氧化碳,中正站,2533616A0015,30,680,0.92,0,0,0,0,0,2.35,17,23,2.06
104年4月,一氧化碳,大直站,2533916A0007,29,675,0.58,0,0,0,0,0,1.59,16,22,1.13
104年4月,一氧化碳,信義站,2534516A0004,30,679,0.54,0,0,0,0,0,1.51,20,8,1.08
104年4月,一氧化碳,南港站,2534116A0005,30,679,0.58,0,0,0,0,0,1.93,12,4,1.12
104年4月,一氧化碳,內湖站,2534216A0011,29,675,0.73,0,0,0,0,0,1.71,19,22,1.34
104年4月,一氧化碳,木柵站,2534016A0012,29,656,0.52,0,0,0,0,0,1.02,1,12,0.91
104年4月,一氧化碳,承德站,2534316T0025,30,665,1.13,0,0,0,0,0,3.28,19,23,2.59
104年4月,一氧化碳,中北站,2533916T0022,30,685,1.53,0,0,0,0,0,4.5,17,8,2.81
104年5月,一氧化碳,中正站,2533616A0015,29,690,0.91,0,0,0,0,0,3.57,11,19,2.23
104年5月,一氧化碳,大直站,2533916A0007,31,702,0.66,0,0,0,0,0,1.93,7,4,1.63
104年5月,一氧化碳,信義站,2534516A0004,29,673,0.52,0,0,0,0,0,1.89,6,19,1.55
104年5月,一氧化碳,南港站,2534116A0005,29,667,0.5,0,0,0,0,0,2.32,6,19,1.41
104年5月,一氧化碳,內湖站,2534216A0011,31,735,0.81,0,0,0,0,0,2.47,27,22,1.78
104年5月,一氧化碳,木柵站,2534016A0012,28,659,0.49,0,0,0,0,0,1.48,6,22,1.12
104年5月,一氧化碳,承德站,2534316T0025,30,717,1.46,0,0,0,0,0,4.7,22,7,4.7
104年5月,一氧化碳,中北站,2533916T0022,31,710,1.77,0,0,0,0,0,4.84,27,8,3.86
104年6月,一氧化碳,中正站,2533616A0015,30,689,0.83,0,0,0,0,0,3.08,29,20,1.49
104年6月,一氧化碳,大直站,2533916A0007,27,616,0.63,0,0,0,0,0,1.36,24,20,1.05
104年6月,一氧化碳,信義站,2534516A0004,26,597,0.44,0,0,0,0,0,1.02,14,21,0.84
104年6月,一氧化碳,南港站,2534116A0005,27,652,0.59,0,0,0,0,0,1.34,18,20,0.99
104年6月,一氧化碳,內湖站,2534216A0011,30,686,0.82,0,0,0,0,0,1.53,14,23,1.32
104年6月,一氧化碳,木柵站,2534016A0012,30,666,0.64,0,0,0,0,0,1.11,14,12,1.06
104年6月,一氧化碳,承德站,2534316T0025,30,702,1.2,0,0,0,0,0,3.91,2,18,2.31
104年6月,一氧化碳,中北站,2533916T0022,30,690,1.65,0,0,0,0,0,5.02,24,19,3.93
104年7月,一氧化碳,中正站,2533616A0015,31,709,0.84,0,0,0,0,0,2.42,11,19,1.67
104年7月,一氧化碳,大直站,2533916A0007,31,692,0.57,0,0,0,0,0,1.47,28,18,1.1
104年7月,一氧化碳,信義站,2534516A0004,31,700,0.49,0,0,0,0,0,1.2,24,19,0.95
104年7月,一氧化碳,南港站,2534116A0005,28,658,0.4,0,0,0,0,0,1.12,3,23,1.08
104年7月,一氧化碳,內湖站,2534216A0011,30,699,0.76,0,0,0,0,0,1.51,24,20,1.36
104年7月,一氧化碳,木柵站,2534016A0012,30,693,0.58,0,0,0,0,0,1.17,23,10,0.92
104年7月,一氧化碳,承德站,2534316T0025,29,688,1.03,0,0,0,0,0,3.51,28,18,2.51
104年7月,一氧化碳,中北站,2533916T0022,31,706,1.74,0,0,0,0,0,5.03,28,18,3.7
104年8月,一氧化碳,中正站,2533616A0015,30,694,0.94,0,0,0,0,0,1.91,11,19,1.6
104年8月,一氧化碳,大直站,2533916A0007,26,636,0.51,0,0,0,0,0,1.23,11,22,1.07
104年8月,一氧化碳,信義站,2534516A0004,27,597,0.55,0,0,0,0,0,1.29,10,0,1.29
104年8月,一氧化碳,南港站,2534116A0005,27,650,0.61,0,0,0,0,0,1.81,1,23,1.58
104年8月,一氧化碳,內湖站,2534216A0011,29,675,0.75,0,0,0,0,0,1.55,28,8,1.23
104年8月,一氧化碳,木柵站,2534016A0012,30,685,0.3,0,0,0,0,0,1.09,28,11,0.67
104年8月,一氧化碳,承德站,2534316T0025,29,685,1.06,0,0,0,0,0,3.67,18,8,2.25
104年8月,一氧化碳,中北站,2533916T0022,29,681,1.65,0,0,0,0,0,5.47,26,8,3.22
104年9月,一氧化碳,中正站,2533616A0015,27,643,0.93,0,0,0,0,0,2.9,4,18,1.63
104年9月,一氧化碳,大直站,2533916A0007,29,660,0.49,0,0,0,0,0,1.41,1,8,1.03
104年9月,一氧化碳,信義站,2534516A0004,27,617,0.5,0,0,0,0,0,1.02,4,9,0.83
104年9月,一氧化碳,南港站,2534116A0005,20,505,0.54,0,0,0,0,0,1.57,2,8,1.12
104年9月,一氧化碳,內湖站,2534216A0011,26,630,0.77,0,0,0,0,0,1.64,2,20,1.29
104年9月,一氧化碳,木柵站,2534016A0012,28,666,0.34,0,0,0,0,0,1.4,22,12,1.14
104年9月,一氧化碳,承德站,2534316T0025,28,649,1.52,0,0,0,0,0,5.84,30,7,3.18
104年9月,一氧化碳,中北站,2533916T0022,30,677,1.68,0,0,0,0,0,5.27,21,8,3.51
104年10月,一氧化碳,中正站,2533616A0015,31,703,0.89,0,0,0,0,0,2.19,27,8,1.6
104年10月,一氧化碳,大直站,2533916A0007,28,661,0.53,0,0,0,0,0,1.35,29,21,1.15
104年10月,一氧化碳,信義站,2534516A0004,28,637,0.62,0,0,0,0,0,8,7,12,1.78
104年10月,一氧化碳,南港站,2534116A0005,30,693,0.46,0,0,0,0,0,1.55,29,8,1.06
104年10月,一氧化碳,內湖站,2534216A0011,30,711,0.69,0,0,0,0,0,1.53,27,0,1.28
104年10月,一氧化碳,木柵站,2534016A0012,30,689,0.39,0,0,0,0,0,1.18,29,14,0.89
104年10月,一氧化碳,承德站,2534316T0025,28,671,1.35,0,0,0,0,0,5.07,23,8,2.87
104年10月,一氧化碳,中北站,2533916T0022,31,702,1.59,0,0,0,0,0,5.31,29,8,2.94
104年11月,一氧化碳,中正站,2533616A0015,30,665,0.97,0,0,0,0,0,2.1,7,22,1.8
104年11月,一氧化碳,大直站,2533916A0007,27,649,0.43,0,0,0,0,0,1.2,13,8,1.17
104年11月,一氧化碳,信義站,2534516A0004,30,661,0.74,0,0,0,0,0,1.57,13,9,1.38
104年11月,一氧化碳,南港站,2534116A0005,26,627,0.56,0,0,0,0,0,8.59,10,13,1.59
104年11月,一氧化碳,內湖站,2534216A0011,27,676,0.75,0,0,0,0,0,2.1,17,19,1.77
104年11月,一氧化碳,木柵站,2534016A0012,29,667,0.5,0,0,0,0,0,1.41,13,10,0.98
104年11月,一氧化碳,承德站,2534316T0025,26,637,1.35,0,0,0,0,0,3.68,13,8,2.23
104年11月,一氧化碳,中北站,2533916T0022,30,678,1.72,0,0,0,0,0,5.47,5,8,2.99
104年12月,一氧化碳,中正站,2533616A0015,30,664,0.99,0,0,0,0,0,2.73,24,8,1.81
104年12月,一氧化碳,大直站,2533916A0007,31,702,0.43,0,0,0,0,0,1.73,24,10,0.95
104年12月,一氧化碳,信義站,2534516A0004,31,689,0.5,0,0,0,0,0,1.41,10,22,1.16
104年12月,一氧化碳,南港站,2534116A0005,25,615,0.54,0,0,0,0,0,1.66,22,8,1.15
104年12月,一氧化碳,內湖站,2534216A0011,30,719,0.7,0,0,0,0,0,1.8,20,23,1.5
104年12月,一氧化碳,木柵站,2534016A0012,31,706,0.58,0,0,0,0,0,1.29,2,10,1.07
104年12月,一氧化碳,承德站,2534316T0025,29,679,1.21,0,0,0,0,0,3.75,21,18,2.35
104年12月,一氧化碳,中北站,2533916T0022,31,718,1.72,0,0,0,0,0,5.43,22,8,2.91
105年1月,一氧化碳,中正站,2533616A0015,31,653,1.11,0,0,0,0,0,4.12,28,12,2.82
105年1月,一氧化碳,大直站,2533916A0007,30,642,0.58,0,0,0,0,0,2.96,28,11,1.99
105年1月,一氧化碳,信義站,2534516A0004,31,660,0.62,0,0,0,0,0,2.27,28,13,1.65
105年1月,一氧化碳,南港站,2534116A0005,28,623,0.6,0,0,0,0,0,1.78,27,23,1.47
105年1月,一氧化碳,內湖站,2534216A0011,31,696,0.69,0,0,0,0,0,2.82,28,11,2.32
105年1月,一氧化碳,木柵站,2534016A0012,31,663,0.65,0,0,0,0,0,2.35,28,13,1.33
105年1月,一氧化碳,承德站,2534316T0025,30,650,1.4,0,0,0,0,0,4.21,28,8,3.04
105年1月,一氧化碳,中北站,2533916T0022,31,662,1.8,0,0,0,0,0,5.74,28,8,4.17
105年2月,一氧化碳,中正站,2533616A0015,29,656,0.91,0,0,0,0,0,2.5,4,20,1.79
105年2月,一氧化碳,大直站,2533916A0007,29,667,0.55,0,0,0,0,0,2.3,4,20,1.37
105年2月,一氧化碳,信義站,2534516A0004,29,659,0.66,0,0,0,0,0,1.3,14,10,1.03
105年2月,一氧化碳,南港站,2534116A0005,27,633,0.47,0,0,0,0,0,1.84,22,7,0.99
105年2月,一氧化碳,內湖站,2534216A0011,28,675,0.59,0,0,0,0,0,1.69,22,7,1.31
105年2月,一氧化碳,木柵站,2534016A0012,24,566,0.67,0,0,0,0,0,1.44,22,1,0.99
105年2月,一氧化碳,承德站,2534316T0025,29,668,1.18,0,0,0,0,0,4.02,22,7,2.8
105年2月,一氧化碳,中北站,2533916T0022,29,668,1.42,0,0,0,0,0,4.5,22,8,2.94
105年3月,一氧化碳,中正站,2533616A0015,30,680,1.12,0,0,0,0,0,5.13,18,21,4.39
105年3月,一氧化碳,大直站,2533916A0007,28,670,0.68,0,0,0,0,0,3.46,19,2,2.54
105年3月,一氧化碳,信義站,2534516A0004,31,708,0.83,0,0,0,0,0,2.9,18,19,2.63
105年3月,一氧化碳,南港站,2534116A0005,30,679,0.59,0,0,0,0,0,3.49,18,17,2.6
105年3月,一氧化碳,內湖站,2534216A0011,29,707,0.78,0,0,0,0,0,4.64,18,23,4.03
105年3月,一氧化碳,木柵站,2534016A0012,29,673,0.67,0,0,0,0,0,2.12,17,18,1.53
105年3月,一氧化碳,承德站,2534316T0025,27,660,1.38,0,0,0,0,0,6.44,18,22,5.13
105年3月,一氧化碳,中北站,2533916T0022,31,715,1.78,0,0,0,0,0,6.08,18,8,4.98
105年4月,一氧化碳,中正站,2533616A0015,30,652,1.19,0,0,0,0,0,3.37,17,0,2.66
105年4月,一氧化碳,大直站,2533916A0007,30,688,0.63,0,0,0,0,0,2.11,15,21,1.66
105年4月,一氧化碳,信義站,2534516A0004,28,487,0.68,0,0,0,0,0,1.76,14,14,1.33
105年4月,一氧化碳,南港站,2534116A0005,27,591,0.63,0,0,0,0,0,1.67,2,0,1.48
105年4月,一氧化碳,內湖站,2534216A0011,12,46,0.84,0,0,0,0,0,1.43,2,3,1.07
105年4月,一氧化碳,木柵站,2534016A0012,30,686,0.7,0,0,0,0,0,1.3,9,23,1.16
105年4月,一氧化碳,承德站,2534316T0025,22,328,1.32,0,0,0,0,0,5.85,30,22,4.94
105年4月,一氧化碳,中北站,2533916T0022,30,602,1.83,0,0,0,0,0,4.87,15,19,3.64
105年5月,一氧化碳,中正站,2533616A0015,30,702,1.02,0,0,0,0,0,2,3,8,1.7
105年5月,一氧化碳,大直站,2533916A0007,28,670,0.58,0,0,0,0,0,1.42,12,22,1.09
105年5月,一氧化碳,信義站,2534516A0004,30,644,0.49,0,0,0,0,0,1.19,9,19,1.03
105年5月,一氧化碳,南港站,2534116A0005,21,578,0.51,0,0,0,0,0,1.43,9,19,1
105年5月,一氧化碳,內湖站,2534216A0011,31,725,0.75,0,0,0,0,0,1.68,9,19,1.43
105年5月,一氧化碳,木柵站,2534016A0012,31,708,0.66,0,0,0,0,0,1.25,5,12,1.09
105年5月,一氧化碳,承德站,2534316T0025,22,541,0.96,0,0,0,0,0,4.27,3,11,2.45
105年5月,一氧化碳,中北站,2533916T0022,30,681,1.45,0,0,0,0,0,4.54,9,8,2.81
105年6月,一氧化碳,中正站,2533616A0015,30,663,0.9,0,0,0,0,0,2.94,6,21,1.85
105年6月,一氧化碳,大直站,2533916A0007,30,688,0.57,0,0,0,0,0,1.77,14,20,1.49
105年6月,一氧化碳,信義站,2534516A0004,30,668,0.27,0,0,0,0,0,1.23,14,10,0.88
105年6月,一氧化碳,南港站,2534116A0005,30,646,0.48,0,0,0,0,0,1.26,26,7,0.98
105年6月,一氧化碳,內湖站,2534216A0011,30,687,0.79,0,0,0,0,0,2.07,14,20,1.54
105年6月,一氧化碳,木柵站,2534016A0012,30,687,0.57,0,0,0,0,0,1.05,6,20,0.92
105年6月,一氧化碳,承德站,2534316T0025,30,687,1.09,0,0,0,0,0,4.27,14,19,3.04
105年6月,一氧化碳,中北站,2533916T0022,29,631,1.3,0,0,0,0,0,4.8,14,9,2.87
105年7月,一氧化碳,中正站,2533616A0015,31,662,0.85,0,0,0,0,0,2,19,21,1.47
105年7月,一氧化碳,大直站,2533916A0007,31,710,0.51,0,0,0,0,0,1.21,20,23,0.84
105年7月,一氧化碳,信義站,2534516A0004,29,597,0.27,0,0,0,0,0,1.07,19,20,0.95
105年7月,一氧化碳,南港站,2534116A0005,31,699,0.4,0,0,0,0,0,1.03,18,9,0.82
105年7月,一氧化碳,內湖站,2534216A0011,31,708,0.74,0,0,0,0,0,1.51,17,22,1.3
105年7月,一氧化碳,木柵站,2534016A0012,31,708,0.56,0,0,0,0,0,0.91,3,21,0.78
105年7月,一氧化碳,承德站,2534316T0025,31,707,0.93,0,0,0,0,0,3.01,18,19,2.17
105年7月,一氧化碳,中北站,2533916T0022,31,653,1.24,0,0,0,0,0,4.42,11,9,2.6
105年8月,一氧化碳,中正站,2533616A0015,31,703,0.93,0,0,0,0,0,1.88,24,9,1.5
105年8月,一氧化碳,大直站,2533916A0007,31,709,0.52,0,0,0,0,0,1.2,12,0,0.87
105年8月,一氧化碳,信義站,2534516A0004,31,649,0.47,0,0,0,0,0,1.22,12,0,1.12
105年8月,一氧化碳,南港站,2534116A0005,31,680,0.38,0,0,0,0,0,1.06,30,23,0.84
105年8月,一氧化碳,內湖站,2534216A0011,31,657,0.68,0,0,0,0,0,1.27,2,21,1.05
105年8月,一氧化碳,木柵站,2534016A0012,31,691,0.58,0,0,0,0,0,1.1,6,0,1.01
105年8月,一氧化碳,承德站,2534316T0025,31,701,0.96,0,0,0,0,0,2.9,24,9,2.02
105年8月,一氧化碳,中北站,2533916T0022,31,667,1.28,0,0,0,0,0,4.13,24,9,2.66
105年9月,一氧化碳,中正站,2533616A0015,30,654,0.93,0,0,0,0,0,1.94,2,23,1.65
105年9月,一氧化碳,大直站,2533916A0007,30,685,0.52,0,0,0,0,0,1.46,30,20,1.06
105年9月,一氧化碳,信義站,2534516A0004,30,667,0.49,0,0,0,0,0,1.21,10,12,1.05
105年9月,一氧化碳,南港站,2534116A0005,30,661,0.48,0,0,0,0,0,1.45,29,22,1.14
105年9月,一氧化碳,內湖站,2534216A0011,30,658,0.67,0,0,0,0,0,1.67,19,9,1.32
105年9月,一氧化碳,木柵站,2534016A0012,27,577,0.49,0,0,0,0,0,1.03,5,19,0.84
105年9月,一氧化碳,承德站,2534316T0025,30,670,1.1,0,0,0,0,0,3.89,29,19,2.6
105年9月,一氧化碳,中北站,2533916T0022,30,674,1.29,0,0,0,0,0,4.54,29,9,2.4
105年10月,一氧化碳,中正站,2533616A0015,31,699,0.84,0,0,0,0,0,2.02,11,9,1.51
105年10月,一氧化碳,大直站,2533916A0007,31,706,0.43,0,0,0,0,0,1.24,27,10,1.03
105年10月,一氧化碳,信義站,2534516A0004,31,687,0.6,0,0,0,0,0,1.64,25,13,1.54
105年10月,一氧化碳,南港站,2534116A0005,31,655,0.51,0,0,0,0,0,1.38,26,23,1.02
105年10月,一氧化碳,內湖站,2534216A0011,30,637,0.61,0,0,0,0,0,1.22,23,2,1.11
105年10月,一氧化碳,木柵站,2534016A0012,30,676,0.36,0,0,0,0,0,0.94,26,22,0.83
105年10月,一氧化碳,承德站,2534316T0025,31,708,0.99,0,0,0,0,0,3.49,12,9,2.38
105年10月,一氧化碳,中北站,2533916T0022,31,699,1.1,0,0,0,0,0,5.16,11,9,2.36
104年1月,二氧化硫,中正站,2533616A0015,31,710,2.56,0,0,0,0,9.3,1,1,4.46,1
104年1月,二氧化硫,大直站,2533916A0007,29,692,3.76,0,0,0,0,11.2,17,8,6.32,22
104年1月,二氧化硫,信義站,2534516A0004,31,705,2.88,0,0,0,0,14.8,26,10,4.69,1
104年1月,二氧化硫,南港站,2534116A0005,31,707,3.28,0,0,0,0,15.75,4,16,5.68,26
104年1月,二氧化硫,內湖站,2534216A0011,30,691,4.25,0,0,0,0,14.56,4,17,7.28,4
104年1月,二氧化硫,木柵站,2534016A0012,26,664,2.36,0,0,0,0,11.88,26,16,4.91,1
104年1月,二氧化硫,承德站,2534316T0025,29,688,3.56,0,0,0,0,9.5,1,0,5.24,22
104年1月,二氧化硫,中北站,2533916T0022,31,697,2.5,0,0,0,0,7.9,6,13,4.94,6
104年2月,二氧化硫,中正站,2533616A0015,28,636,2.47,0,0,0,0,13.6,16,17,4.85,12
104年2月,二氧化硫,大直站,2533916A0007,27,617,2.46,0,0,0,0,20.26,24,19,5.26,18
104年2月,二氧化硫,信義站,2534516A0004,28,637,3.02,0,0,0,0,13.9,22,14,5.36,12
104年2月,二氧化硫,南港站,2534116A0005,28,633,3.46,0,0,0,0,21.96,16,16,6.18,15
104年2月,二氧化硫,內湖站,2534216A0011,28,634,3.86,0,0,0,0,11.83,24,19,5.57,16
104年2月,二氧化硫,木柵站,2534016A0012,27,628,2.03,0,0,0,0,10.49,15,21,3.47,8
104年2月,二氧化硫,承德站,2534316T0025,28,639,4.21,0,0,0,0,17.27,6,17,8.33,6
104年2月,二氧化硫,中北站,2533916T0022,28,639,2.47,0,0,0,0,10.3,17,15,4.3,12
104年3月,二氧化硫,中正站,2533616A0015,31,706,2.84,0,0,0,0,17.8,16,21,6.36,16
104年3月,二氧化硫,大直站,2533916A0007,27,662,2.24,0,0,0,0,17.83,19,17,4.81,16
104年3月,二氧化硫,信義站,2534516A0004,31,694,2.81,0,0,0,0,22.7,16,19,5.72,14
104年3月,二氧化硫,南港站,2534116A0005,31,702,4.43,0,0,0,0,36.96,14,17,8.82,14
104年3月,二氧化硫,內湖站,2534216A0011,31,693,4.15,0,0,0,0,36.77,19,18,10.46,19
104年3月,二氧化硫,木柵站,2534016A0012,31,691,2.17,0,0,0,0,23.64,14,17,6.27,16
104年3月,二氧化硫,承德站,2534316T0025,30,683,3.97,0,0,0,0,23.12,12,23,7.8,28
104年3月,二氧化硫,中北站,2533916T0022,31,706,2.69,0,0,0,0,16.4,16,21,6.3,16
104年4月,二氧化硫,中正站,2533616A0015,29,670,2.87,0,0,0,0,20.3,16,18,6.59,30
104年4月,二氧化硫,大直站,2533916A0007,28,667,2.65,0,0,0,0,28.46,30,17,6.94,25
104年4月,二氧化硫,信義站,2534516A0004,30,679,2.99,0,0,0,0,20.2,5,17,5.43,3
104年4月,二氧化硫,南港站,2534116A0005,30,676,4.97,0,0,0,0,51.14,16,17,9.55,16
104年4月,二氧化硫,內湖站,2534216A0011,29,659,3.76,0,0,0,0,23.8,1,15,7.65,19
104年4月,二氧化硫,木柵站,2534016A0012,29,653,2.18,0,0,0,0,19.15,2,15,4.95,3
104年4月,二氧化硫,承德站,2534316T0025,30,669,3.94,0,0,0,0,25.29,6,12,7.51,30
104年4月,二氧化硫,中北站,2533916T0022,30,685,2.87,0,0,0,0,23.1,30,15,8.17,30
104年5月,二氧化硫,中正站,2533616A0015,29,689,3.01,0,0,0,0,26,26,10,5.46,26
104年5月,二氧化硫,大直站,2533916A0007,31,701,2.84,0,0,0,0,30.7,10,2,6.17,26
104年5月,二氧化硫,信義站,2534516A0004,29,673,3.01,0,0,0,0,25.7,15,14,7.1,15
104年5月,二氧化硫,南港站,2534116A0005,29,663,3.79,0,0,0,0,42.3,15,14,11.13,15
104年5月,二氧化硫,內湖站,2534216A0011,29,651,4.59,0,0,0,0,37.9,14,15,8.83,27
104年5月,二氧化硫,木柵站,2534016A0012,29,672,1.79,0,0,0,0,21.09,7,16,5.17,15
104年5月,二氧化硫,承德站,2534316T0025,30,680,3.68,0,0,0,0,26.3,7,21,7,7
104年5月,二氧化硫,中北站,2533916T0022,31,704,2.92,0,0,0,0,16,14,16,4.7,14
104年6月,二氧化硫,中正站,2533616A0015,30,673,2.9,0,0,0,0,31.1,15,17,4.89,15
104年6月,二氧化硫,大直站,2533916A0007,27,614,2.25,0,0,0,0,14.19,10,9,4.03,10
104年6月,二氧化硫,信義站,2534516A0004,26,592,2.97,0,0,0,0,23.4,2,19,4.98,10
104年6月,二氧化硫,南港站,2534116A0005,27,651,3.93,0,0,0,0,50.29,16,15,8.11,16
104年6月,二氧化硫,內湖站,2534216A0011,29,673,6.12,0,0,0,0,44.41,16,16,11.23,16
104年6月,二氧化硫,木柵站,2534016A0012,27,624,2.44,0,0,0,0,17.8,14,13,6.44,15
104年6月,二氧化硫,承德站,2534316T0025,30,683,2.46,0,0,0,0,16.3,22,17,3.71,16
104年6月,二氧化硫,中北站,2533916T0022,30,682,2.9,0,0,0,0,21.4,22,17,4.82,22
104年7月,二氧化硫,中正站,2533616A0015,30,659,3.07,0,0,0,0,26.5,14,17,9.76,21
104年7月,二氧化硫,大直站,2533916A0007,31,688,2.16,0,0,0,0,32.44,20,17,6.35,20
104年7月,二氧化硫,信義站,2534516A0004,29,654,2.98,0,0,0,0,27.3,21,15,6.83,21
104年7月,二氧化硫,南港站,2534116A0005,29,678,3.84,0,0,0,0,48.12,21,15,8.69,25
104年7月,二氧化硫,內湖站,2534216A0011,29,679,4.89,0,0,0,0,44.7,21,10,10.61,21
104年7月,二氧化硫,木柵站,2534016A0012,29,654,2.58,0,0,0,0,36,22,15,7.74,31
104年7月,二氧化硫,承德站,2534316T0025,30,695,2.93,0,0,0,0,37.7,20,17,6.68,20
104年7月,二氧化硫,中北站,2533916T0022,30,695,3.11,0,0,0,0,25.9,21,10,6.33,20
104年8月,二氧化硫,中正站,2533616A0015,28,627,3.16,0,0,0,0,24.4,1,16,5.64,4
104年8月,二氧化硫,大直站,2533916A0007,25,616,2.08,0,0,0,0,23,10,20,5.49,4
104年8月,二氧化硫,信義站,2534516A0004,22,550,3.25,0,0,0,0,29.3,1,15,7.6,1
104年8月,二氧化硫,南港站,2534116A0005,26,634,3.33,0,0,0,0,49.5,1,16,8.89,6
104年8月,二氧化硫,內湖站,2534216A0011,26,608,2.57,0,0,0,0,21.8,5,17,6.7,4
104年8月,二氧化硫,木柵站,2534016A0012,27,614,3.53,0,0,0,0,22.1,1,14,6.77,12
104年8月,二氧化硫,承德站,2534316T0025,29,686,2.56,0,0,0,0,29.5,10,20,5.04,10
104年8月,二氧化硫,中北站,2533916T0022,28,663,2.76,0,0,0,0,22.7,25,17,6.29,4
104年9月,二氧化硫,中正站,2533616A0015,27,631,3.05,0,0,0,0,46.6,25,15,9.13,25
104年9月,二氧化硫,大直站,2533916A0007,26,617,1.96,0,0,0,0,29.9,22,18,7.74,22
104年9月,二氧化硫,信義站,2534516A0004,27,622,2.01,0,0,0,0,16.5,25,13,4.94,25
104年9月,二氧化硫,南港站,2534116A0005,21,532,2.9,0,0,0,0,58.2,25,15,10.37,25
104年9月,二氧化硫,內湖站,2534216A0011,26,629,2.14,0,0,0,0,5.2,25,16,3.34,18
104年9月,二氧化硫,木柵站,2534016A0012,27,651,2.62,0,0,0,0,27.3,22,14,6.03,22
104年9月,二氧化硫,承德站,2534316T0025,25,603,2.27,0,0,0,0,30.7,22,18,5.58,2
104年9月,二氧化硫,中北站,2533916T0022,30,677,2.76,0,0,0,0,25.8,22,16,6.04,22
104年10月,二氧化硫,中正站,2533616A0015,31,701,3.14,0,0,0,0,22.6,7,16,6.6,7
104年10月,二氧化硫,大直站,2533916A0007,27,648,3.62,0,0,0,0,24.1,7,21,7.92,7
104年10月,二氧化硫,信義站,2534516A0004,29,659,2.24,0,0,0,0,12.9,27,17,3.12,27
104年10月,二氧化硫,南港站,2534116A0005,29,686,2.1,0,0,0,0,27.1,7,15,5.76,7
104年10月,二氧化硫,內湖站,2534216A0011,30,684,1.98,0,0,0,0,6.6,7,14,3.82,18
104年10月,二氧化硫,木柵站,2534016A0012,29,667,2.25,0,0,0,0,13.6,30,13,5.8,30
104年10月,二氧化硫,承德站,2534316T0025,28,679,5.4,0,0,0,0,38,7,21,13.51,7
104年10月,二氧化硫,中北站,2533916T0022,31,702,2.76,0,0,0,0,14.7,7,16,4.18,21
104年11月,二氧化硫,中正站,2533616A0015,30,665,3.29,0,0,0,0,20.3,8,16,6.51,8
104年11月,二氧化硫,大直站,2533916A0007,28,648,3.88,0,0,0,0,26.1,19,14,8.1,19
104年11月,二氧化硫,信義站,2534516A0004,30,663,1.73,0,0,0,0,15,8,14,4.87,8
104年11月,二氧化硫,南港站,2534116A0005,26,625,2.09,0,0,0,0,16.89,28,13,4.33,18
104年11月,二氧化硫,內湖站,2534216A0011,26,640,2.35,0,0,0,0,22.3,5,8,5.29,5
104年11月,二氧化硫,木柵站,2534016A0012,22,541,3,0,0,0,0,17.8,7,16,5.32,7
104年11月,二氧化硫,承德站,2534316T0025,26,631,4.06,0,0,0,0,18,28,8,9,20
104年11月,二氧化硫,中北站,2533916T0022,30,682,2.97,0,0,0,0,22,8,17,6.13,8
104年12月,二氧化硫,中正站,2533616A0015,29,665,3.49,0,0,0,0,19.7,23,15,8.63,21
104年12月,二氧化硫,大直站,2533916A0007,31,702,3.8,0,0,0,0,26.1,13,21,7.52,13
104年12月,二氧化硫,信義站,2534516A0004,31,701,2.54,0,0,0,0,27,23,14,5.76,21
104年12月,二氧化硫,南港站,2534116A0005,25,615,2.65,0,0,0,0,28.9,23,14,6.5,23
104年12月,二氧化硫,內湖站,2534216A0011,28,646,2.49,0,0,0,0,7.2,21,2,5.25,16
104年12月,二氧化硫,木柵站,2534016A0012,31,707,3.9,0,0,0,0,21.8,23,15,8.47,16
104年12月,二氧化硫,承德站,2534316T0025,29,673,4.02,0,0,0,0,26.6,23,20,8.94,13
104年12月,二氧化硫,中北站,2533916T0022,31,719,3.2,0,0,0,0,21.8,23,15,7.04,21
105年1月,二氧化硫,中正站,2533616A0015,31,648,3.24,0,0,0,0,13.4,10,14,5.7,28
105年1月,二氧化硫,大直站,2533916A0007,31,655,3.23,0,0,0,0,11.7,2,3,5.33,1
105年1月,二氧化硫,信義站,2534516A0004,31,661,2.61,0,0,0,0,15.5,10,16,4.63,10
105年1月,二氧化硫,南港站,2534116A0005,28,623,2.08,0,0,0,0,21.2,10,14,5.43,5
105年1月,二氧化硫,內湖站,2534216A0011,31,661,2.71,0,0,0,0,12.6,28,12,8.36,28
105年1月,二氧化硫,木柵站,2534016A0012,31,662,2.63,0,0,0,0,10.6,5,22,3.83,5
105年1月,二氧化硫,承德站,2534316T0025,30,640,4.29,0,0,0,0,13.2,1,19,7.04,27
105年1月,二氧化硫,中北站,2533916T0022,31,662,2.88,0,0,0,0,12.9,3,17,5.15,28
105年2月,二氧化硫,中正站,2533616A0015,29,660,2.78,0,0,0,0,8.3,6,13,5.3,6
105年2月,二氧化硫,大直站,2533916A0007,29,667,1.91,0,0,0,0,11.9,16,19,5.24,6
105年2月,二氧化硫,信義站,2534516A0004,29,661,2.22,0,0,0,0,6.4,6,13,4.25,6
105年2月,二氧化硫,南港站,2534116A0005,27,633,1.57,0,0,0,0,8.8,12,17,3.93,6
105年2月,二氧化硫,內湖站,2534216A0011,28,648,2.53,0,0,0,0,6.2,13,6,3.86,13
105年2月,二氧化硫,木柵站,2534016A0012,24,566,2.28,0,0,0,0,7.9,8,14,4.22,6
105年2月,二氧化硫,承德站,2534316T0025,29,664,3.83,0,0,0,0,27.6,16,19,8.35,16
105年2月,二氧化硫,中北站,2533916T0022,29,671,2.53,0,0,0,0,21,15,11,4.63,15
105年3月,二氧化硫,中正站,2533616A0015,30,681,2.62,0,0,0,0,10.2,27,18,4.09,7
105年3月,二氧化硫,大直站,2533916A0007,28,670,1.83,0,0,0,0,8,4,17,2.97,5
105年3月,二氧化硫,信義站,2534516A0004,31,709,2.34,0,0,0,0,8.1,3,18,3.85,30
105年3月,二氧化硫,南港站,2534116A0005,30,679,2.09,0,0,0,0,12.4,30,13,4.75,30
105年3月,二氧化硫,內湖站,2534216A0011,29,674,2.74,0,0,0,0,10,19,3,5.94,5
105年3月,二氧化硫,木柵站,2534016A0012,29,675,2.25,0,0,0,0,14.9,30,16,5.27,30
105年3月,二氧化硫,承德站,2534316T0025,26,638,3.31,0,0,0,0,10.2,17,18,5.61,30
105年3月,二氧化硫,中北站,2533916T0022,31,714,2.69,0,0,0,0,8.1,29,19,3.88,30
105年4月,二氧化硫,中正站,2533616A0015,30,644,2.3,0,0,0,0,9,1,2,4.2,1
105年4月,二氧化硫,大直站,2533916A0007,30,673,2.35,0,0,0,0,10.5,8,23,4.7,29
105年4月,二氧化硫,信義站,2534516A0004,28,566,2.46,0,0,0,0,8.8,21,17,3.82,9
105年4月,二氧化硫,南港站,2534116A0005,26,516,2.33,0,0,0,0,9.5,4,16,4.75,29
105年4月,二氧化硫,內湖站,2534216A0011,30,679,3.42,0,0,0,0,10.2,7,17,6.57,22
105年4月,二氧化硫,木柵站,2534016A0012,30,680,2.52,0,0,0,0,11,6,14,4.5,8
105年4月,二氧化硫,承德站,2534316T0025,30,687,4.05,0,0,0,0,22.1,26,7,6.77,26
105年4月,二氧化硫,中北站,2533916T0022,29,625,3.15,0,0,0,0,13.1,22,15,5.03,1
105年5月,二氧化硫,中正站,2533616A0015,30,703,2.1,0,0,0,0,22.4,26,17,4.5,26
105年5月,二氧化硫,大直站,2533916A0007,26,651,2.5,0,0,0,0,17.2,24,20,5.9,24
105年5月,二氧化硫,信義站,2534516A0004,30,677,2.4,0,0,0,0,14.6,27,12,4.63,7
105年5月,二氧化硫,南港站,2534116A0005,23,612,2.74,0,0,0,0,28.5,6,15,6.46,7
105年5月,二氧化硫,內湖站,2534216A0011,28,646,2.05,0,0,0,0,10.7,2,19,3.86,2
105年5月,二氧化硫,木柵站,2534016A0012,31,708,2.5,0,0,0,0,21.1,6,15,4.9,20
105年5月,二氧化硫,承德站,2534316T0025,28,663,3.8,0,0,0,0,25,26,19,7.56,7
105年5月,二氧化硫,中北站,2533916T0022,29,692,2.86,0,0,0,0,20.4,23,15,5.15,24
105年6月,二氧化硫,中正站,2533616A0015,30,662,1.66,0,0,0,0,14.7,22,18,3.21,19
105年6月,二氧化硫,大直站,2533916A0007,30,679,2.03,0,0,0,0,13.7,23,19,4.41,23
105年6月,二氧化硫,信義站,2534516A0004,30,676,1.44,0,0,0,0,10.5,26,12,3.14,26
105年6月,二氧化硫,南港站,2534116A0005,30,623,3.41,0,0,0,0,13.5,23,17,5.55,10
105年6月,二氧化硫,內湖站,2534216A0011,30,670,2.43,0,0,0,0,12.4,10,11,4.04,14
105年6月,二氧化硫,木柵站,2534016A0012,30,677,2.45,0,0,0,0,17.8,17,12,3.4,27
105年6月,二氧化硫,承德站,2534316T0025,30,646,2.97,0,0,0,0,12.8,8,14,6.39,2
105年6月,二氧化硫,中北站,2533916T0022,29,628,2.35,0,0,0,0,12.8,30,16,3.61,30
105年7月,二氧化硫,中正站,2533616A0015,31,655,2.03,0,0,0,0,19.4,14,15,4.43,24
105年7月,二氧化硫,大直站,2533916A0007,31,705,2.23,0,0,0,0,13,30,16,4.84,7
105年7月,二氧化硫,信義站,2534516A0004,31,703,1.68,0,0,0,0,13.9,25,15,4.06,23
105年7月,二氧化硫,南港站,2534116A0005,31,679,3.31,0,0,0,0,19.6,24,19,7.12,24
105年7月,二氧化硫,內湖站,2534216A0011,31,689,2.89,0,0,0,0,14.3,27,8,5.57,29
105年7月,二氧化硫,木柵站,2534016A0012,31,695,2.47,0,0,0,0,16.4,28,17,4.66,28
105年7月,二氧化硫,承德站,2534316T0025,31,697,3.86,0,0,0,0,12.8,7,14,7.64,29
105年7月,二氧化硫,中北站,2533916T0022,31,656,2.79,0,0,0,0,14.2,28,17,5.38,29
105年8月,二氧化硫,中正站,2533616A0015,31,704,2.09,0,0,0,0,22,1,0,4.8,22
105年8月,二氧化硫,大直站,2533916A0007,31,708,2,0,0,0,0,19.7,22,0,4.07,17
105年8月,二氧化硫,信義站,2534516A0004,31,676,1.61,0,0,0,0,18.9,17,0,3.69,22
105年8月,二氧化硫,南港站,2534116A0005,31,679,2.14,0,0,0,0,27.4,22,0,5.99,17
105年8月,二氧化硫,內湖站,2534216A0011,31,685,2.46,0,0,0,0,20.2,17,0,5.87,17
105年8月,二氧化硫,木柵站,2534016A0012,31,689,2.63,0,0,0,0,28.6,17,0,6.14,31
105年8月,二氧化硫,承德站,2534316T0025,31,699,3.83,0,0,0,0,18,31,0,6.58,17
105年8月,二氧化硫,中北站,2533916T0022,31,638,2.09,0,0,0,0,29.6,17,0,4.61,22
105年9月,二氧化硫,中正站,2533616A0015,30,613,1.81,0,0,0,0,19.5,1,0,3.95,1
105年9月,二氧化硫,大直站,2533916A0007,30,680,2.08,0,0,0,0,16.2,1,0,4.75,5
105年9月,二氧化硫,信義站,2534516A0004,30,676,1.35,0,0,0,0,21.1,5,0,3.45,1
105年9月,二氧化硫,南港站,2534116A0005,30,659,1.59,0,0,0,0,20.8,1,0,4.18,1
105年9月,二氧化硫,內湖站,2534216A0011,30,679,3.42,0,0,0,0,13.7,1,0,5.46,9
105年9月,二氧化硫,木柵站,2534016A0012,27,543,1.85,0,0,0,0,36.8,9,0,5.62,1
105年9月,二氧化硫,承德站,2534316T0025,30,665,1.8,0,0,0,0,15.5,1,0,5.17,5
105年9月,二氧化硫,中北站,2533916T0022,30,629,1.3,0,0,0,0,13.4,5,0,3.46,2
105年10月,二氧化硫,中正站,2533616A0015,31,700,1.76,0,0,0,0,13.8,22,18,3.61,26
105年10月,二氧化硫,大直站,2533916A0007,31,707,1.79,0,0,0,0,20.8,28,17,4.95,22
105年10月,二氧化硫,信義站,2534516A0004,31,709,1.41,0,0,0,0,12.6,25,17,3.15,25
105年10月,二氧化硫,南港站,2534116A0005,31,655,2.66,0,0,0,0,30.7,26,16,7.14,28
105年10月,二氧化硫,內湖站,2534216A0011,31,704,2.47,0,0,0,0,14.7,2,18,5.02,25
105年10月,二氧化硫,木柵站,2534016A0012,30,644,1.91,0,0,0,0,17.6,25,17,5.91,12
105年10月,二氧化硫,承德站,2534316T0025,31,708,2.86,0,0,0,0,24,22,20,6.19,5
105年10月,二氧化硫,中北站,2533916T0022,31,666,1.38,0,0,0,0,12.2,28,17,3.34,28
104年1月,二氧化氮,中正站,2533616A0015,31,710,20.94,0,0,69.4,5,17,41.07,5,74.13,
104年1月,二氧化氮,大直站,2533916A0007,30,699,20.1,0,0,94.2,5,10,46.65,5,76.77,
104年1月,二氧化氮,信義站,2534516A0004,16,441,16.99,0,0,62.7,24,18,37.66,5,62.29,
104年1月,二氧化氮,南港站,2534116A0005,28,658,17.45,0,0,72.13,5,10,33.67,5,66.18,
104年1月,二氧化氮,內湖站,2534216A0011,31,703,20.85,0,0,62.09,5,10,35.22,5,61.97,
104年1月,二氧化氮,木柵站,2534016A0012,27,667,16.01,0,0,67.75,5,14,26.11,25,72.66,
104年1月,二氧化氮,承德站,2534316T0025,29,688,29.2,0,0,119.86,5,10,48.99,5,39.26,
104年1月,二氧化氮,中北站,2533916T0022,31,706,35.21,0,0,90.5,5,11,54.17,24,39.3,
104年2月,二氧化氮,中正站,2533616A0015,28,637,21.28,0,0,61.7,25,18,34.49,25,75.78,
104年2月,二氧化氮,大直站,2533916A0007,28,617,17.55,0,0,55,16,9,28.72,25,81.98,
104年2月,二氧化氮,信義站,2534516A0004,28,638,15.87,0,0,53.9,12,20,31.59,12,80.07,
104年2月,二氧化氮,南港站,2534116A0005,28,634,19.29,0,0,61.86,13,21,32.71,11,72.07,
104年2月,二氧化氮,內湖站,2534216A0011,28,627,20.44,0,0,52.32,16,9,33.64,11,62.66,
104年2月,二氧化氮,木柵站,2534016A0012,27,630,15.25,0,0,46.61,26,10,25.66,25,73.01,
104年2月,二氧化氮,承德站,2534316T0025,28,636,30.44,0,0,75.1,25,15,44.17,13,43.76,
104年2月,二氧化氮,中北站,2533916T0022,28,636,36.78,0,0,84,12,20,62.68,13,41.25,
104年3月,二氧化氮,中正站,2533616A0015,31,704,24.36,0,0,64.2,17,10,39.75,17,73.96,
104年3月,二氧化氮,大直站,2533916A0007,29,676,17.86,0,0,65.34,13,9,29.4,13,76.4,
104年3月,二氧化氮,信義站,2534516A0004,31,694,16.5,0,0,52.7,13,9,28.2,14,78.26,
104年3月,二氧化氮,南港站,2534116A0005,31,702,19.14,0,0,57.69,17,9,31.68,17,77.34,
104年3月,二氧化氮,內湖站,2534216A0011,31,699,20.7,0,0,62,13,10,31.89,13,64.19,
104年3月,二氧化氮,木柵站,2534016A0012,31,693,18.17,0,0,53.47,16,16,28.8,16,77.12,
104年3月,二氧化氮,承德站,2534316T0025,30,681,33.28,0,0,87.25,19,9,44.17,30,44.13,
104年3月,二氧化氮,中北站,2533916T0022,30,664,39.77,0,0,83.9,30,17,50.81,30,43.04,
104年4月,二氧化氮,中正站,2533616A0015,29,673,21.45,0,0,70.5,17,19,35.69,17,78.11,
104年4月,二氧化氮,大直站,2533916A0007,29,671,16.09,0,0,57.7,15,22,26.07,12,82.57,
104年4月,二氧化氮,信義站,2534516A0004,25,635,15.31,0,0,53.6,15,9,27.51,15,79.93,
104年4月,二氧化氮,南港站,2534116A0005,30,679,20.06,0,0,62.86,16,8,36.78,15,80.4,
104年4月,二氧化氮,內湖站,2534216A0011,29,671,17.38,0,0,50.85,13,21,26.41,12,65.89,
104年4月,二氧化氮,木柵站,2534016A0012,29,655,16.72,0,0,52.09,1,17,27.96,17,80.43,
104年4月,二氧化氮,承德站,2534316T0025,30,659,28.47,0,0,69.41,18,9,44.88,16,47.79,
104年4月,二氧化氮,中北站,2533916T0022,30,659,36.74,0,0,88.1,15,9,53.63,15,46.74,
104年5月,二氧化氮,中正站,2533616A0015,29,676,21.77,0,0,65.9,6,18,43.35,6,77.4,
104年5月,二氧化氮,大直站,2533916A0007,31,696,16.8,0,0,57.7,8,19,30.76,6,72.24,
104年5月,二氧化氮,信義站,2534516A0004,29,668,15.89,0,0,43.5,6,18,27.77,6,76.51,
104年5月,二氧化氮,南港站,2534116A0005,29,666,21.38,0,0,61.9,8,15,38.46,6,80.23,
104年5月,二氧化氮,內湖站,2534216A0011,31,706,22.63,0,0,62.2,8,16,36.61,6,64.65,
104年5月,二氧化氮,木柵站,2534016A0012,29,678,14.49,0,0,47.89,13,18,22.05,6,70.39,
104年5月,二氧化氮,承德站,2534316T0025,30,663,31.65,0,0,94.7,13,9,56.45,13,50.1,
104年5月,二氧化氮,中北站,2533916T0022,30,694,33.69,0,0,79,8,15,48.19,6,42.74,
104年6月,二氧化氮,中正站,2533616A0015,30,686,16.98,0,0,47.1,1,18,23.67,4,80.78,
104年6月,二氧化氮,大直站,2533916A0007,27,609,14.64,0,0,46.65,24,17,21.54,24,76.39,
104年6月,二氧化氮,信義站,2534516A0004,25,560,13.27,0,0,35.6,18,20,16.83,18,86.54,
104年6月,二氧化氮,南港站,2534116A0005,27,652,17.04,0,0,45.96,18,20,22.09,24,79.23,
104年6月,二氧化氮,內湖站,2534216A0011,30,684,19.7,0,0,50.66,16,16,26.44,24,66.55,
104年6月,二氧化氮,木柵站,2534016A0012,30,673,13.27,0,0,46.6,11,18,17.48,4,73.33,
104年6月,二氧化氮,承德站,2534316T0025,30,677,24.91,0,0,56.3,2,9,32.55,2,54.41,
104年6月,二氧化氮,中北站,2533916T0022,30,688,29.79,0,0,63.2,24,15,39.13,24,43.73,
104年7月,二氧化氮,中正站,2533616A0015,31,708,14.98,0,0,44.5,24,18,22.35,24,77.01,
104年7月,二氧化氮,大直站,2533916A0007,31,677,12.63,0,0,47.8,30,18,22.6,30,75.26,
104年7月,二氧化氮,信義站,2534516A0004,31,686,11.47,0,0,37.1,24,19,18.02,24,82.64,
104年7月,二氧化氮,南港站,2534116A0005,29,684,14.8,0,0,43.6,25,14,21.1,3,76.69,
104年7月,二氧化氮,內湖站,2534216A0011,30,698,17.32,0,0,46.2,25,15,25.77,30,65.56,
104年7月,二氧化氮,木柵站,2534016A0012,30,700,10.4,0,0,44.4,31,16,20.54,31,70.87,
104年7月,二氧化氮,承德站,2534316T0025,29,678,25,0,0,66.9,30,18,37.26,30,53.79,
104年7月,二氧化氮,中北站,2533916T0022,31,707,29.16,0,0,76.6,16,11,39.79,16,40.7,
104年8月,二氧化氮,中正站,2533616A0015,30,695,15.65,0,0,46.9,11,18,28.52,28,73.53,
104年8月,二氧化氮,大直站,2533916A0007,26,628,11.86,0,0,40.4,28,19,23.54,28,76.36,
104年8月,二氧化氮,信義站,2534516A0004,27,592,10.17,0,0,32.7,11,19,17.86,10,74.67,
104年8月,二氧化氮,南港站,2534116A0005,27,648,14.88,0,0,41.1,28,11,25.48,28,72.59,
104年8月,二氧化氮,內湖站,2534216A0011,28,660,16.02,0,0,76.2,29,13,25.17,11,59.07,
104年8月,二氧化氮,木柵站,2534016A0012,30,687,11.49,0,0,33.5,3,16,16.97,28,70.32,
104年8月,二氧化氮,承德站,2534316T0025,28,658,24.26,0,0,61.3,5,16,37.06,25,47.4,
104年8月,二氧化氮,中北站,2533916T0022,28,667,26.12,0,0,69.7,5,17,40.23,11,35.64,
104年9月,二氧化氮,中正站,2533616A0015,24,574,16.68,0,0,54.7,30,19,25.97,30,80.64,
104年9月,二氧化氮,大直站,2533916A0007,29,654,11.45,0,0,38.5,27,17,21.64,27,79.5,
104年9月,二氧化氮,信義站,2534516A0004,19,461,8.5,0,0,22.3,4,9,14.74,23,69.28,
104年9月,二氧化氮,南港站,2534116A0005,22,557,15.18,0,0,42.9,23,19,25.41,22,77.77,
104年9月,二氧化氮,內湖站,2534216A0011,26,630,24.94,0,0,62.7,15,10,36.92,3,74.59,
104年9月,二氧化氮,木柵站,2534016A0012,28,663,12.86,0,0,40.8,22,16,21.57,22,75.39,
104年9月,二氧化氮,承德站,2534316T0025,28,639,27.81,0,0,67.7,22,18,45.63,27,52.49,
104年9月,二氧化氮,中北站,2533916T0022,30,677,32.1,0,0,72.7,22,10,43.48,22,43.65,
104年10月,二氧化氮,中正站,2533616A0015,31,698,15.08,0,0,41.3,27,9,25.44,1,84.01,
104年10月,二氧化氮,大直站,2533916A0007,28,639,10.99,0,0,35.8,29,21,21.73,29,81.56,
104年10月,二氧化氮,信義站,2534516A0004,13,474,7.5,0,0,45.1,26,21,11.62,30,71.42,
104年10月,二氧化氮,南港站,2534116A0005,29,682,13.14,0,0,42.9,29,18,23.27,29,81.45,
104年10月,二氧化氮,內湖站,2534216A0011,30,686,18.64,0,0,44.6,12,18,27.85,29,78.01,
104年10月,二氧化氮,木柵站,2534016A0012,30,688,11.87,0,0,40.4,1,16,20.96,1,72.96,
104年10月,二氧化氮,承德站,2534316T0025,28,676,27.05,0,0,62.8,23,8,39.9,29,43.87,
104年10月,二氧化氮,中北站,2533916T0022,31,702,30.73,0,0,85.6,12,18,50.01,12,42.86,
104年11月,二氧化氮,中正站,2533616A0015,29,656,17.24,0,0,59.8,16,19,31.23,7,79.69,
104年11月,二氧化氮,大直站,2533916A0007,28,635,12.39,0,0,49.4,17,19,27.65,17,80.53,
104年11月,二氧化氮,信義站,2534516A0004,27,639,9.52,0,0,38.2,13,17,21.1,7,82.88,
104年11月,二氧化氮,南港站,2534116A0005,26,623,15.38,0,0,54.8,17,18,25.89,17,78.15,
104年11月,二氧化氮,內湖站,2534216A0011,26,642,18.55,0,0,81.2,17,18,28.37,18,73.15,
104年11月,二氧化氮,木柵站,2534016A0012,29,665,13.32,0,0,51.7,7,16,23.09,7,71.22,
104年11月,二氧化氮,承德站,2534316T0025,26,624,22.82,0,0,55.5,17,11,36.49,7,37.47,
104年11月,二氧化氮,中北站,2533916T0022,30,680,30.85,0,0,71.9,17,11,44.24,17,39.34,
104年12月,二氧化氮,中正站,2533616A0015,22,580,12.71,0,0,43.6,25,19,23.29,27,66.31,
104年12月,二氧化氮,大直站,2533916A0007,31,694,14.38,0,0,63.5,24,11,28.97,21,79.78,
104年12月,二氧化氮,信義站,2534516A0004,31,692,11.03,0,0,41.3,20,22,20.95,10,79.66,
104年12月,二氧化氮,南港站,2534116A0005,25,613,17.53,0,0,44.9,24,10,25.8,21,77.78,
104年12月,二氧化氮,內湖站,2534216A0011,30,676,21.94,0,0,57.7,22,19,30.4,24,72.27,
104年12月,二氧化氮,木柵站,2534016A0012,31,705,14.16,0,0,45.8,2,10,23.77,23,69.8,
104年12月,二氧化氮,承德站,2534316T0025,29,664,28.71,0,0,76.8,24,11,40.49,21,39.07,
104年12月,二氧化氮,中北站,2533916T0022,31,714,33.86,0,0,66.3,23,10,40.16,23,37.09,
105年1月,二氧化氮,中正站,2533616A0015,30,616,20.69,0,0,97.6,28,12,37.17,15,58.46,
105年1月,二氧化氮,大直站,2533916A0007,31,653,16.67,0,0,75.3,28,12,33.38,28,66.67,
105年1月,二氧化氮,信義站,2534516A0004,31,661,12.85,0,0,57,28,13,25.34,4,69.77,
105年1月,二氧化氮,南港站,2534116A0005,28,623,18.57,0,0,52.5,4,12,29.55,4,73.3,
105年1月,二氧化氮,內湖站,2534216A0011,31,639,22.32,0,0,61.1,28,13,34.74,4,62.01,
105年1月,二氧化氮,木柵站,2534016A0012,31,664,16.57,0,0,89.3,28,14,30.5,28,64.11,
105年1月,二氧化氮,承德站,2534316T0025,30,623,30.7,0,0,72.6,28,11,41.36,15,37.48,
105年1月,二氧化氮,中北站,2533916T0022,31,663,35.29,0,0,87.3,28,11,45.77,15,33.32,
105年2月,二氧化氮,中正站,2533616A0015,10,225,17.72,0,0,49.2,27,19,34.97,27,49.55,
105年2月,二氧化氮,大直站,2533916A0007,29,667,14.72,0,0,47.8,26,18,34.3,27,77.52,
105年2月,二氧化氮,信義站,2534516A0004,29,659,10.12,0,0,34.7,22,9,18.91,22,79.19,
105年2月,二氧化氮,南港站,2534116A0005,27,633,17.69,0,0,49.6,22,8,28.27,18,78.59,
105年2月,二氧化氮,內湖站,2534216A0011,28,647,19.74,0,0,47.5,27,13,32.92,27,68.7,
105年2月,二氧化氮,木柵站,2534016A0012,24,566,15.07,0,0,48.3,4,13,25.51,22,71.64,
105年2月,二氧化氮,承德站,2534316T0025,29,661,31.33,0,0,59.1,22,7,42.91,27,46.19,
105年2月,二氧化氮,中北站,2533916T0022,29,669,34.6,0,0,60.5,22,9,41.18,27,38.56,
105年3月,二氧化氮,中正站,2533616A0015,30,682,22.45,0,0,100.3,30,11,45.2,18,68.79,
105年3月,二氧化氮,大直站,2533916A0007,28,668,20.68,0,0,78.4,18,14,45.53,18,69.08,
105年3月,二氧化氮,信義站,2534516A0004,18,430,8.7,0,0,194.9,21,16,22.17,22,73.47,
105年3月,二氧化氮,南港站,2534116A0005,30,679,22.98,0,0,75.8,18,17,42.77,18,67.15,
105年3月,二氧化氮,內湖站,2534216A0011,29,679,24.94,0,0,69.3,18,15,44.26,18,55.48,
105年3月,二氧化氮,木柵站,2534016A0012,29,675,19.47,0,0,67.7,30,13,33.21,18,69.2,
105年3月,二氧化氮,承德站,2534316T0025,27,653,37.44,0,0,89.3,17,17,61.74,18,43.08,
105年3月,二氧化氮,中北站,2533916T0022,31,717,38.83,0,0,90.1,30,11,52.42,30,37.56,
105年4月,二氧化氮,中正站,2533616A0015,30,652,25.23,0,0,70.9,20,21,36.2,20,79.19,
105年4月,二氧化氮,大直站,2533916A0007,30,669,18.1,0,0,50.9,1,21,26.3,16,79.48,
105年4月,二氧化氮,信義站,2534516A0004,28,534,9.41,0,0,36.5,20,20,18.3,20,86.73,
105年4月,二氧化氮,南港站,2534116A0005,27,591,22.52,0,0,56.4,30,8,30.8,6,78.6,
105年4月,二氧化氮,內湖站,2534216A0011,30,678,23.83,0,0,58.3,20,20,34.2,20,69.88,
105年4月,二氧化氮,木柵站,2534016A0012,30,686,18.41,0,0,53.8,26,16,25.7,9,74.8,
105年4月,二氧化氮,承德站,2534316T0025,30,687,31.06,0,0,64.4,20,9,42.9,2,51.07,
105年4月,二氧化氮,中北站,2533916T0022,30,627,36.62,0,0,81.2,30,9,54,30,44.08,
105年5月,二氧化氮,中正站,2533616A0015,30,703,18.7,0,0,56.5,21,20,28.5,1,82.02,
105年5月,二氧化氮,大直站,2533916A0007,26,634,13.3,0,0,46.3,18,12,21.3,5,80.12,
105年5月,二氧化氮,信義站,2534516A0004,28,646,9.2,0,0,27.9,21,18,13.8,21,79.31,
105年5月,二氧化氮,南港站,2534116A0005,22,599,18,0,0,47.2,18,11,25.9,26,82.95,
105年5月,二氧化氮,內湖站,2534216A0011,29,684,21.3,0,0,57.5,18,11,31.5,5,72.95,
105年5月,二氧化氮,木柵站,2534016A0012,31,707,14.3,0,0,41.7,31,18,20.3,2,74.09,
105年5月,二氧化氮,承德站,2534316T0025,29,677,28.6,0,0,74.9,26,18,40.7,26,50.44,
105年5月,二氧化氮,中北站,2533916T0022,30,689,31.5,0,0,70.7,26,17,40.8,21,40.91,
105年6月,二氧化氮,中正站,2533616A0015,30,668,17.7,0,0,47.7,10,18,24,6,76.55,
105年6月,二氧化氮,大直站,2533916A0007,30,668,14.4,0,0,41.3,21,20,20.07,21,75.08,
105年6月,二氧化氮,信義站,2534516A0004,30,651,12.1,0,0,32.6,21,16,18.29,17,77.02,
105年6月,二氧化氮,南港站,2534116A0005,30,623,18.3,0,0,50.2,21,15,23.54,21,79.38,
105年6月,二氧化氮,內湖站,2534216A0011,30,673,22.5,0,0,53,21,16,29.8,28,66.16,
105年6月,二氧化氮,木柵站,2534016A0012,30,687,13.7,0,0,45.3,22,17,19.42,22,72.48,
105年6月,二氧化氮,承德站,2534316T0025,30,685,28.8,0,0,65.6,28,16,35,28,49.06,
105年6月,二氧化氮,中北站,2533916T0022,29,635,30.1,0,0,69.6,28,15,38.28,28,37.58,
105年7月,二氧化氮,中正站,2533616A0015,31,661,15.7,0,0,47.7,3,21,25.59,20,82.46,
105年7月,二氧化氮,大直站,2533916A0007,31,710,11.9,0,0,44.4,12,20,17.43,12,77.35,
105年7月,二氧化氮,信義站,2534516A0004,30,649,9.5,0,0,27.7,22,18,12.97,11,73.33,
105年7月,二氧化氮,南港站,2534116A0005,31,646,16.2,0,0,48.1,22,18,22.08,19,84.54,
105年7月,二氧化氮,內湖站,2534216A0011,31,706,20.1,0,0,66.8,26,18,27.4,13,71.15,
105年7月,二氧化氮,木柵站,2534016A0012,31,708,11.4,0,0,37.6,28,19,16.77,28,73.14,
105年7月,二氧化氮,承德站,2534316T0025,31,695,25.2,0,0,58.8,19,17,34.46,29,50.42,
105年7月,二氧化氮,中北站,2533916T0022,31,670,27.2,0,0,60.5,28,10,37.23,13,40.35,
105年8月,二氧化氮,中正站,2533616A0015,31,704,14.67,0,0,38.3,31,21,22.21,31,81.94,
105年8月,二氧化氮,大直站,2533916A0007,31,701,12.09,0,0,35.5,2,19,19.49,3,82.37,
105年8月,二氧化氮,信義站,2534516A0004,31,617,8.84,0,0,25.7,18,20,14.76,18,83,
105年8月,二氧化氮,南港站,2534116A0005,31,658,15.83,0,0,59.4,31,20,26.96,31,84.55,
105年8月,二氧化氮,內湖站,2534216A0011,31,683,19.44,0,0,60,31,21,34.78,31,76.16,
105年8月,二氧化氮,木柵站,2534016A0012,31,690,11.7,0,0,50.5,31,18,20.23,31,71.49,
105年8月,二氧化氮,承德站,2534316T0025,31,697,25.69,0,0,82.5,25,20,51.38,26,46.93,
105年8月,二氧化氮,中北站,2533916T0022,31,668,27.46,0,0,72.8,31,21,44.62,31,41.37,
105年9月,二氧化氮,中正站,2533616A0015,30,642,15.16,0,0,47.1,1,18,26.07,2,79.58,
105年9月,二氧化氮,大直站,2533916A0007,30,680,12.18,0,0,48.9,2,19,21.65,2,79.03,
105年9月,二氧化氮,信義站,2534516A0004,30,612,7.86,0,0,30.1,3,0,15.16,2,84.07,
105年9月,二氧化氮,南港站,2534116A0005,30,658,13.85,0,0,41.5,2,21,31.77,2,78.4,
105年9月,二氧化氮,內湖站,2534216A0011,30,676,15.91,0,0,47.7,29,19,29.65,2,68.45,
105年9月,二氧化氮,木柵站,2534016A0012,27,574,10.9,0,0,47.4,1,16,20.13,2,69.23,
105年9月,二氧化氮,承德站,2534316T0025,30,670,24.97,0,0,67.9,29,19,49.99,1,42.25,
105年9月,二氧化氮,中北站,2533916T0022,30,671,26.47,0,0,73.5,2,12,46.21,1,38.18,
105年10月,二氧化氮,中正站,2533616A0015,31,700,14.31,0,0,52.6,21,19,27.75,26,77.2,
105年10月,二氧化氮,大直站,2533916A0007,31,666,11.38,0,0,43.2,10,19,26.92,10,79.1,
105年10月,二氧化氮,信義站,2534516A0004,31,602,6.86,0,0,28.6,10,17,14.85,25,82.7,
105年10月,二氧化氮,南港站,2534116A0005,31,608,12.66,0,0,46.1,25,22,26.68,26,75.7,
105年10月,二氧化氮,內湖站,2534216A0011,31,703,13.33,0,0,42.8,25,21,26.27,26,61.2,
105年10月,二氧化氮,木柵站,2534016A0012,30,676,11.51,0,0,53,25,18,22.67,27,68.9,
105年10月,二氧化氮,承德站,2534316T0025,31,708,23.31,0,0,65.5,27,10,39.47,10,40.3,
105年10月,二氧化氮,中北站,2533916T0022,31,701,26.06,0,0,75,27,10,42.59,26,37.2,
104年1月,非甲烷碳氫化合物,南港站,2534116A0005,670,0.28,0.28,30,0.65,26,0.07,30,16,53.3,10,33.3
104年1月,非甲烷碳氫化合物,承德站,2534316T0025,677,0.31,0.41,30,0.84,6,0.12,14,26,86.7,18,60
104年1月,非甲烷碳氫化合物,中北站,2533916T0022,692,0.46,0.51,31,1.04,5,0.19,1,29,93.5,29,93.5
104年2月,非甲烷碳氫化合物,南港站,2534116A0005,582,0.17,0.2,27,0.52,12,0.03,28,11,40.7,6,22.2
104年2月,非甲烷碳氫化合物,承德站,2534316T0025,630,0.34,0.44,28,1.13,26,0.1,22,20,71.4,18,64.3
104年2月,非甲烷碳氫化合物,中北站,2533916T0022,616,0.43,0.45,27,0.91,16,0.18,19,26,96.3,22,81.5
104年3月,非甲烷碳氫化合物,南港站,2534116A0005,693,0.15,0.18,31,0.46,30,0.03,1,11,35.5,7,22.6
104年3月,非甲烷碳氫化合物,承德站,2534316T0025,697,0.33,0.42,31,0.84,19,0.15,22,29,93.5,22,71
104年3月,非甲烷碳氫化合物,中北站,2533916T0022,710,0.47,0.52,31,0.91,17,0.2,22,31,100,28,90.3
104年4月,非甲烷碳氫化合物,南港站,2534116A0005,644,0.22,0.3,29,0.58,10,0,1,22,75.9,14,48.3
104年4月,非甲烷碳氫化合物,承德站,2534316T0025,658,0.33,0.42,30,0.74,2,0.19,25,29,96.7,23,76.7
104年4月,非甲烷碳氫化合物,中北站,2533916T0022,681,0.45,0.52,30,0.85,1,0.27,26,30,100,28,93.3
104年5月,非甲烷碳氫化合物,南港站,2534116A0005,654,0.21,0.24,30,0.54,6,0.03,18,17,56.7,8,26.7
104年5月,非甲烷碳氫化合物,承德站,2534316T0025,628,0.41,0.52,31,2.11,6,0.1,23,27,87.1,21,67.7
104年5月,非甲烷碳氫化合物,中北站,2533916T0022,696,0.53,0.59,31,0.93,7,0.21,31,31,100,30,96.8
104年6月,非甲烷碳氫化合物,南港站,2534116A0005,640,0.22,0.25,27,0.45,25,0.1,6,20,74.1,5,18.5
104年6月,非甲烷碳氫化合物,承德站,2534316T0025,674,0.85,0.56,30,1.12,24,0.29,20,30,100,29,96.7
104年6月,非甲烷碳氫化合物,中北站,2533916T0022,658,0.43,0.49,29,0.93,1,0.21,28,29,100,26,89.7
104年7月,非甲烷碳氫化合物,南港站,2534116A0005,686,0.25,0.27,30,0.41,8,0.1,6,25,83.3,12,40
104年7月,非甲烷碳氫化合物,承德站,2534316T0025,685,0.32,0.37,30,0.63,23,0.02,10,28,93.3,20,66.7
104年7月,非甲烷碳氫化合物,中北站,2533916T0022,704,0.44,0.46,31,0.75,29,0.04,10,28,90.3,27,87.1
104年8月,非甲烷碳氫化合物,南港站,2534116A0005,633,0.46,0.48,28,2.3,26,0.1,21,21,75,14,50
104年8月,非甲烷碳氫化合物,承德站,2534316T0025,679,0.4,0.48,30,0.82,19,0.15,8,28,93.3,23,76.7
104年8月,非甲烷碳氫化合物,中北站,2533916T0022,681,0.56,0.84,29,9,2,0.03,8,28,96.6,27,93.1
104年9月,非甲烷碳氫化合物,南港站,2534116A0005,531,0.32,0.35,23,0.56,5,0.16,28,21,91.3,13,56.5
104年9月,非甲烷碳氫化合物,承德站,2534316T0025,641,0.38,0.48,29,0.96,30,0.06,28,25,86.2,24,82.8
104年9月,非甲烷碳氫化合物,中北站,2533916T0022,577,0.49,0.53,27,0.92,3,0,14,24,88.9,21,77.8
104年10月,非甲烷碳氫化合物,南港站,2534116A0005,695,0.17,0.2,31,0.52,1,0.06,25,15,48.4,7,22.6
104年10月,非甲烷碳氫化合物,承德站,2534316T0025,673,0.3,0.39,29,0.87,23,0.14,18,24,82.8,18,62.1
104年10月,非甲烷碳氫化合物,中北站,2533916T0022,676,0.32,0.36,31,0.82,1,0.11,25,27,87.1,19,61.3
104年11月,非甲烷碳氫化合物,南港站,2534116A0005,619,0.21,0.24,26,0.48,18,0.12,24,14,53.8,7,26.9
104年11月,非甲烷碳氫化合物,承德站,2534316T0025,619,0.34,0.43,29,1.04,5,0.08,22,26,89.7,19,65.5
104年11月,非甲烷碳氫化合物,中北站,2533916T0022,606,0.24,0.27,28,0.51,5,0,20,21,75,13,46.4
104年12月,非甲烷碳氫化合物,南港站,2534116A0005,613,0.15,0.16,27,0.39,24,0.04,9,7,25.9,5,18.5
104年12月,非甲烷碳氫化合物,承德站,2534316T0025,668,0.55,0.62,30,1.2,22,0.35,5,30,100,30,100
104年12月,非甲烷碳氫化合物,中北站,2533916T0022,616,0.36,0.44,27,0.78,11,0.09,13,24,88.9,18,66.7
105年1月,非甲烷碳氫化合物,南港站,2534116A0005,630,0.18,0.2,29,0.56,3,0.06,23,7,24.1,5,17.2
105年1月,非甲烷碳氫化合物,承德站,2534316T0025,637,0.58,0.86,30,6.17,29,0.26,31,30,100,28,93.3
105年1月,非甲烷碳氫化合物,中北站,2533916T0022,650,0.2,0.22,30,0.43,4,0.04,31,16,53.3,6,20
105年2月,非甲烷碳氫化合物,南港站,2534116A0005,639,0.16,0.22,27,0.59,22,0.07,29,14,51.9,6,22.2
105年2月,非甲烷碳氫化合物,承德站,2534316T0025,657,0.57,0.62,29,3.95,6,0.14,29,27,93.1,22,75.9
105年2月,非甲烷碳氫化合物,中北站,2533916T0022,658,0.11,0.12,29,0.26,28,0.05,11,2,6.9,0,0
105年3月,非甲烷碳氫化合物,南港站,2534116A0005,700,0.24,0.25,30,0.56,18,0.08,14,16,53.3,10,33.3
105年3月,非甲烷碳氫化合物,承德站,2534316T0025,625,0.5,0.42,29,0.88,18,0.11,20,28,96.6,23,79.3
105年3月,非甲烷碳氫化合物,中北站,2533916T0022,607,0.13,0.14,26,0.39,21,0.05,6,2,7.7,2,7.7
105年4月,非甲烷碳氫化合物,南港站,2534116A0005,594,0.31,0.35,26,0.66,20,0.18,11,25,96.2,15,57.7
105年4月,非甲烷碳氫化合物,承德站,2534316T0025,670,1.28,0.99,27,5.2,16,0.05,22,25,92.6,24,88.9
105年4月,非甲烷碳氫化合物,中北站,2533916T0022,141,0.12,0.16,4,0.23,3,0.1,1,1,25,0,0
105年5月,非甲烷碳氫化合物,南港站,2534116A0005,630,0.251,0.3,27,0.47,2,0.16,14,24,88.9,11,40.7
105年5月,非甲烷碳氫化合物,承德站,2534316T0025,682,0.55,0.77,30,6.88,12,0.03,25,26,86.7,26,86.7
105年5月,非甲烷碳氫化合物,中北站,2533916T0022,611,0.756,0.75,30,1.35,21,0.05,2,25,83.3,25,83.3
105年6月,非甲烷碳氫化合物,南港站,2534116A0005,642,0.24,0.28,30,0.5,15,0.15,27,28,93.3,13,43.3
105年6月,非甲烷碳氫化合物,承德站,2534316T0025,658,0.41,0.37,29,1.8,30,0.11,18,23,79.3,15,51.7
105年6月,非甲烷碳氫化合物,中北站,533916T0022,614,0.94,0.95,28,1.4,6,0.52,18,28,100,28,100
105年7月,非甲烷碳氫化合物,南港站,2534116A0005,697,0.18,0.22,31,0.5,19,0.02,8,21,67.7,7,22.6
105年7月,非甲烷碳氫化合物,承德站,2534316T0025,705,0.39,0.38,31,0.8,30,0.04,8,25,80.7,19,61.3
105年7月,非甲烷碳氫化合物,中北站,2533916T0022,648,0.83,0.88,29,1.1,11,0.52,8,29,100,29,100
105年8月,非甲烷碳氫化合物,南港站,2534116A0005,656,0.22,0.26,29,0.62,5,0.11,22,21,72.41,9,31.03
105年8月,非甲烷碳氫化合物,承德站,2534316T0025,658,0.66,0.75,29,1.24,1,0.17,2,28,96.55,28,96.55
105年8月,非甲烷碳氫化合物,中北站,2533916T0022,658,0.71,0.8,30,1.35,19,0.39,9,30,100,30,100
105年9月,非甲烷碳氫化合物,南港站,2534116A0005,631,0.15,0.18,28,0.29,29,0.06,27,12,42.9,0,0
105年9月,非甲烷碳氫化合物,承德站,2534316T0025,639,1.61,1.3,29,10.02,5,0.06,28,28,96.6,24,82.8
105年9月,非甲烷碳氫化合物,中北站,2533916T0022,658,0.65,0.7,30,1.09,29,0.24,14,30,100,29,96.7
105年10月,非甲烷碳氫化合物,南港站,2534116A0005,654,0.12,0.14,28,0.31,11,0.05,10,6,21.4,2,7.1
105年10月,非甲烷碳氫化合物,承德站,2534316T0025,700,0.44,0.58,31,4.88,23,0.1,16,28,90.3,25,80.7
105年10月,非甲烷碳氫化合物,中北站,2533916T0022,703,0.52,0.58,31,1.1,11,0.18,30,30,96.8,28,90.3
104年1月,臭氧,中正站,2533616A0015,31,709,29.01,0,0,0,0,61.9,12,4,44.35,
104年1月,臭氧,大直站,2533916A0007,31,701,31.4,0,0,0,0,62.62,22,17,44.38,
104年1月,臭氧,信義站,2534516A0004,31,710,31.12,0,0,0,0,65.1,22,15,45.15,
104年1月,臭氧,南港站,2534116A0005,31,708,29.01,0,0,0,0,67.83,22,16,45.58,
104年1月,臭氧,內湖站,2534216A0011,31,704,22.7,0,0,0,0,53.71,12,4,38.33,
104年1月,臭氧,木柵站,2534016A0012,27,668,34.99,0,0,6,0.9,74.55,22,14,51.2,
104年1月,臭氧,承德站,2534316T0025,29,690,22.61,0,0,0,0,62.71,12,2,38.33,
104年1月,臭氧,中北站,2533916T0022,31,707,17.08,0,0,0,0,52.1,12,4,32.42,
104年2月,臭氧,中正站,2533616A0015,28,637,28.68,0,0,8,1.3,73.9,17,12,47.31,
104年2月,臭氧,大直站,2533916A0007,28,609,31.57,0,0,10,1.6,73.35,19,4,47.62,
104年2月,臭氧,信義站,2534516A0004,28,638,31.13,0,0,12,1.9,67.1,13,14,47.41,
104年2月,臭氧,南港站,2534116A0005,28,635,28.97,0,0,4,0.6,65.45,19,3,46.64,
104年2月,臭氧,內湖站,2534216A0011,26,602,23.22,0,0,0,0,60.27,19,4,40.08,
104年2月,臭氧,木柵站,2534016A0012,27,631,34.65,0,0,53,8.4,79.61,15,12,54.66,
104年2月,臭氧,承德站,2534316T0025,28,641,23.72,0,0,0,0,68.55,19,3,40.67,
104年2月,臭氧,中北站,2533916T0022,28,643,19.35,0,0,0,0,61.6,19,4,34.24,
104年3月,臭氧,中正站,2533616A0015,31,705,28.74,0,0,20,2.8,98.3,30,13,54.22,
104年3月,臭氧,大直站,2533916A0007,30,670,32.97,0,0,23,3.4,84.48,31,12,53.51,
104年3月,臭氧,信義站,2534516A0004,31,708,32.32,0,0,23,3.2,100.3,31,12,55.55,
104年3月,臭氧,南港站,2534116A0005,31,702,28.99,0,0,17,2.4,101.5,31,12,52.68,
104年3月,臭氧,內湖站,2534216A0011,31,700,25.37,0,0,8,1.1,88.9,31,12,49.3,
104年3月,臭氧,木柵站,2534016A0012,31,694,33.42,0,0,38,5.5,115.52,30,13,64.39,
104年3月,臭氧,承德站,2534316T0025,31,710,22.93,0,0,4,0.6,74.22,31,12,45.82,
104年3月,臭氧,中北站,2533916T0022,31,710,15.02,0,0,0,0,61.1,23,4,36.8,
104年4月,臭氧,中正站,2533616A0015,30,682,32.59,0,0,40,5.9,109.9,2,11,63.44,
104年4月,臭氧,大直站,2533916A0007,30,677,34.36,0,0,13,1.9,98.73,2,12,58.13,
104年4月,臭氧,信義站,2534516A0004,30,682,34.14,1,0.1,48,7,123.6,2,12,64.91,
104年4月,臭氧,南港站,2534116A0005,30,682,30.48,0,0,29,4.3,103.56,3,12,61.07,
104年4月,臭氧,內湖站,2534216A0011,29,674,27.21,0,0,5,0.7,102.5,2,12,57.15,
104年4月,臭氧,木柵站,2534016A0012,29,657,35.9,1,0.2,78,11.9,125.99,3,13,71.43,
104年4月,臭氧,承德站,2534316T0025,30,673,24.43,0,0,6,0.9,81.63,2,11,53.24,
104年4月,臭氧,中北站,2533916T0022,30,687,19.17,0,0,0,0,64.4,5,14,43.47,
104年5月,臭氧,中正站,2533616A0015,29,690,25.9,0,0,14,2,99.4,14,10,56.32,
104年5月,臭氧,大直站,2533916A0007,30,685,26.57,0,0,5,0.7,83.6,13,12,49.73,
104年5月,臭氧,信義站,2534516A0004,29,677,26.28,0,0,15,2.2,102.6,13,13,55.65,
104年5月,臭氧,南港站,2534116A0005,29,673,23.04,0,0,8,1.2,90.2,13,13,47.02,
104年5月,臭氧,內湖站,2534216A0011,31,734,21.02,0,0,4,0.5,83.3,13,15,49.35,
104年5月,臭氧,木柵站,2534016A0012,29,678,27.85,1,0.1,22,3.2,131.82,13,13,61.08,
104年5月,臭氧,承德站,2534316T0025,30,678,20.68,0,0,2,0.3,86,2,13,44.79,
104年5月,臭氧,中北站,2533916T0022,31,710,13.85,0,0,0,0,59.5,14,10,35.23,
104年6月,臭氧,中正站,2533616A0015,30,687,25.01,0,0,4,0.6,88.9,14,10,63.43,
104年6月,臭氧,大直站,2533916A0007,27,616,22.07,0,0,0,0,71.4,2,11,50.71,
104年6月,臭氧,信義站,2534516A0004,26,604,24.34,0,0,3,0.5,93.6,10,11,57.66,
104年6月,臭氧,南港站,2534116A0005,27,651,23.67,0,0,3,0.5,96.64,25,11,57.57,
104年6月,臭氧,內湖站,2534216A0011,30,685,22.34,0,0,0,0,96.29,25,11,58.12,
104年6月,臭氧,木柵站,2534016A0012,30,682,26.15,1,0.1,18,2.6,124.5,10,11,71.06,
104年6月,臭氧,承德站,2534316T0025,30,675,17.73,0,0,0,0,107.4,25,11,39.53,
104年6月,臭氧,中北站,2533916T0022,30,688,15.9,0,0,0,0,58.8,14,10,41.45,
104年7月,臭氧,中正站,2533616A0015,31,706,26.39,2,0.3,20,2.8,134.3,22,12,66.03,
104年7月,臭氧,大直站,2533916A0007,31,691,24.91,0,0,11,1.6,110.9,22,12,58.64,
104年7月,臭氧,信義站,2534516A0004,31,707,25.57,0,0,10,1.4,109.7,31,12,61.6,
104年7月,臭氧,南港站,2534116A0005,27,642,24.48,1,0.2,8,1.2,123.5,31,12,57.39,
104年7月,臭氧,內湖站,2534216A0011,30,710,22.1,1,0.1,8,1.1,122.8,31,12,60.94,
104年7月,臭氧,木柵站,2534016A0012,31,703,27.95,1,0.1,32,4.6,129.2,17,11,71.51,
104年7月,臭氧,承德站,2534316T0025,29,678,22.88,0,0,0,0,106.5,22,12,51.65,
104年7月,臭氧,中北站,2533916T0022,31,708,16.83,0,0,0,0,79.8,22,12,45.09,
104年8月,臭氧,中正站,2533616A0015,30,694,20.35,0,0,15,2.2,105.6,3,11,48.91,
104年8月,臭氧,大直站,2533916A0007,26,638,20.88,0,0,2,0.3,98.8,11,12,42.22,
104年8月,臭氧,信義站,2534516A0004,27,602,19.58,0,0,13,2.2,109.5,10,12,44.98,
104年8月,臭氧,南港站,2534116A0005,27,650,20.27,0,0,9,1.4,89.6,4,12,45.75,
104年8月,臭氧,內湖站,2534216A0011,29,682,20.84,0,0,10,1.5,106.7,24,6,52.91,
104年8月,臭氧,木柵站,2534016A0012,30,687,22.58,2,0.3,38,5.5,137.7,4,13,59.19,
104年8月,臭氧,承德站,2534316T0025,29,685,26.56,0,0,0,0,110.3,10,15,46.43,
104年8月,臭氧,中北站,2533916T0022,29,681,12.98,0,0,0,0,65.4,11,12,31.57,
104年9月,臭氧,中正站,2533616A0015,27,638,34.16,0,0,20,3.1,94,23,11,60.37,
104年9月,臭氧,大直站,2533916A0007,29,660,31.04,0,0,4,0.6,94.7,22,12,52.06,
104年9月,臭氧,信義站,2534516A0004,27,639,24.85,0,0,0,0,85.8,22,12,43.43,
104年9月,臭氧,南港站,2534116A0005,22,547,34.91,0,0,32,5.9,112.6,23,11,60.89,
104年9月,臭氧,內湖站,2534216A0011,26,659,12.97,0,0,0,0,57.2,22,11,26.2,
104年9月,臭氧,木柵站,2534016A0012,28,664,32.34,2,0.3,22,3.3,133.4,22,12,66.22,
104年9月,臭氧,承德站,2534316T0025,28,650,25.61,0,0,1,0.2,88.1,1,12,45.45,
104年9月,臭氧,中北站,2533916T0022,30,668,20.03,0,0,0,0,73.7,22,12,40.16,
104年10月,臭氧,中正站,2533616A0015,31,696,34.17,1,0.1,39,5.6,126.3,29,13,53.09,
104年10月,臭氧,大直站,2533916A0007,28,662,35.72,0,0,25,3.8,116.1,29,13,50.32,
104年10月,臭氧,信義站,2534516A0004,30,679,44.44,0,0,140,20.6,113.9,12,23,60.9,
104年10月,臭氧,南港站,2534116A0005,30,688,35.7,0,0,30,4.4,86.4,29,12,51.88,
104年10月,臭氧,內湖站,2534216A0011,30,717,18.27,0,0,0,0,63.9,13,1,34.29,
104年10月,臭氧,木柵站,2534016A0012,29,685,32.62,1,0.1,35,5.1,121.3,29,14,48.61,
104年10月,臭氧,承德站,2534316T0025,28,674,25.81,0,0,12,1.8,98.8,29,13,43.23,
104年10月,臭氧,中北站,2533916T0022,31,697,23.38,0,0,10,1.4,119,29,13,46.14,
104年11月,臭氧,中正站,2533616A0015,30,668,28.37,0,0,14,2.1,116.5,7,12,49.8,
104年11月,臭氧,大直站,2533916A0007,28,649,31.59,0,0,24,3.7,109.3,7,12,49.53,
104年11月,臭氧,信義站,2534516A0004,30,680,26.44,0,0,20,2.9,104.4,7,11,44.46,
104年11月,臭氧,南港站,2534116A0005,25,623,28.11,0,0,13,2.1,100.5,7,11,47.17,
104年11月,臭氧,內湖站,2534216A0011,27,673,14.93,0,0,0,0,50.7,7,11,28.65,
104年11月,臭氧,木柵站,2534016A0012,29,670,21.41,0,0,10,1.5,118.4,8,11,40.01,
104年11月,臭氧,承德站,2534316T0025,26,636,23.22,0,0,4,0.6,83.8,7,11,42.47,
104年11月,臭氧,中北站,2533916T0022,30,683,20.24,0,0,7,1,96.8,7,11,44.78,
104年12月,臭氧,中正站,2533616A0015,29,662,25.24,0,0,0,0,77.7,23,13,39.34,
104年12月,臭氧,大直站,2533916A0007,31,696,28.62,0,0,0,0,52.9,31,20,40.21,
104年12月,臭氧,信義站,2534516A0004,31,706,27.42,0,0,0,0,59.4,23,12,39.19,
104年12月,臭氧,南港站,2534116A0005,25,619,25.24,0,0,0,0,74.2,15,16,38.12,
104年12月,臭氧,內湖站,2534216A0011,30,720,17.33,0,0,0,0,41.7,28,4,30.52,
104年12月,臭氧,木柵站,2534016A0012,31,709,25.83,0,0,0,0,72.7,23,13,38.8,
104年12月,臭氧,承德站,2534316T0025,29,668,19.89,0,0,0,0,47.4,28,4,33.21,
104年12月,臭氧,中北站,2533916T0022,31,720,17.22,0,0,0,0,50.3,28,3,35.84,
105年1月,臭氧,中正站,2533616A0015,30,654,20.61,0,0,0,0,52.6,19,4,35.2,
105年1月,臭氧,大直站,2533916A0007,31,653,24.39,0,0,0,0,54.1,19,4,36.22,
105年1月,臭氧,信義站,2534516A0004,31,662,22.59,0,0,0,0,47.7,19,4,33.96,
105年1月,臭氧,南港站,2534116A0005,28,626,22.72,0,0,0,0,48.8,1,0,36.78,
105年1月,臭氧,內湖站,2534216A0011,31,696,16.43,0,0,0,0,40,14,1,28.05,
105年1月,臭氧,木柵站,2534016A0012,31,666,23.11,0,0,0,0,51.9,19,4,35.83,
105年1月,臭氧,承德站,2534316T0025,30,642,15.1,0,0,0,0,46.2,19,3,28.68,
105年1月,臭氧,中北站,2533916T0022,31,664,14.65,0,0,0,0,51.1,19,4,30.4,
105年2月,臭氧,中正站,2533616A0015,29,663,27.6,0,0,0,0,65.9,6,1,45.46,
105年2月,臭氧,大直站,2533916A0007,29,664,30.98,0,0,5,0.8,69.2,6,13,46.02,
105年2月,臭氧,信義站,2534516A0004,29,666,26.31,0,0,0,0,58.1,6,14,39.4,
105年2月,臭氧,南港站,2534116A0005,27,640,29.37,0,0,7,1.1,71.4,6,14,46.21,
105年2月,臭氧,內湖站,2534216A0011,28,674,20.14,0,0,0,0,54.1,6,1,33.92,
105年2月,臭氧,木柵站,2534016A0012,24,567,28.99,0,0,0,0,63.3,6,0,45.96,
105年2月,臭氧,承德站,2534316T0025,29,667,21.65,0,0,0,0,61.6,6,14,40.16,
105年2月,臭氧,中北站,2533916T0022,29,670,19.35,0,0,0,0,72,6,1,42.08,
105年3月,臭氧,中正站,2533616A0015,28,614,26.08,0,0,3,0.5,85.1,3,12,48.44,
105年3月,臭氧,大直站,2533916A0007,28,622,29.86,0,0,19,3.1,75.7,29,12,48.7,
105年3月,臭氧,信義站,2534516A0004,31,663,23.64,0,0,0,0,76.5,3,14,41.82,
105年3月,臭氧,南港站,2534116A0005,30,654,29.74,0,0,30,4.6,95.9,17,14,58.96,
105年3月,臭氧,內湖站,2534216A0011,29,678,18.02,0,0,0,0,57.8,3,14,35.96,
105年3月,臭氧,木柵站,2534016A0012,29,638,28.78,0,0,19,3,84.7,29,13,49.18,
105年3月,臭氧,承德站,2534316T0025,27,628,20.98,0,0,0,0,65.7,29,12,38.72,
105年3月,臭氧,中北站,2533916T0022,31,668,20.2,0,0,3,0.4,70.8,28,13,44.18,
105年4月,臭氧,中正站,2533616A0015,30,652,29.07,0,0,50,7.7,109.7,29,13,66.22,
105年4月,臭氧,大直站,2533916A0007,30,687,32.7,0,0,56,8.2,96.5,7,12,62.98,
105年4月,臭氧,信義站,2534516A0004,25,430,24.48,0,0,13,3,104.7,6,13,49.9,
105年4月,臭氧,南港站,2534116A0005,27,587,25.02,0,0,15,2.6,92.8,6,13,55.21,
105年4月,臭氧,內湖站,2534216A0011,30,679,19.55,0,0,8,1.2,67.5,6,13,42.59,
105年4月,臭氧,木柵站,2534016A0012,30,688,28.37,1,0.1,42,6.1,120.6,6,14,66.85,
105年4月,臭氧,承德站,2534316T0025,30,684,19.54,0,0,5,0.7,75.3,2,13,45.38,
105年4月,臭氧,中北站,2533916T0022,25,522,24.71,0,0,21,4,104.8,29,13,57.47,
105年5月,臭氧,中正站,2533616A0015,31,703,30.03,4,0.6,27,3.8,144.2,26,12,64.38,
105年5月,臭氧,大直站,2533916A0007,31,669,30.92,0,0,24,3.6,111.8,26,12,56.29,
105年5月,臭氧,信義站,2534516A0004,31,683,20.73,0,0,0,0,79.9,27,12,41.81,
105年5月,臭氧,南港站,2534116A0005,31,626,26.65,0,0,4,0.6,109.5,28,13,53.22,
105年5月,臭氧,內湖站,2534216A0011,31,701,19.92,0,0,0,0,68.7,1,15,40.76,
105年5月,臭氧,木柵站,2534016A0012,31,709,27.17,2,0.3,18,2.5,153.7,26,13,63.93,
105年5月,臭氧,承德站,2534316T0025,31,693,21.07,0,0,0,0,72.3,26,12,41.77,
105年5月,臭氧,中北站,2533916T0022,31,701,19.58,0,0,5,0.7,100.9,26,12,49.99,
105年6月,臭氧,中正站,2533616A0015,30,652,24,1,0.2,20,3.1,120,7,12,62.16,
105年6月,臭氧,大直站,2533916A0007,30,686,24.33,0,0,8,1.2,98.2,7,12,60.64,
105年6月,臭氧,信義站,2534516A0004,30,681,18.49,0,0,0,0,95.3,30,14,52.24,
105年6月,臭氧,南港站,2534116A0005,30,646,23.42,0,0,17,2.6,102.6,30,14,61.45,
105年6月,臭氧,內湖站,2534216A0011,30,683,16.76,0,0,0,0,78.7,7,12,41.79,
105年6月,臭氧,木柵站,2534016A0012,30,673,19.74,0,0,15,2.2,113,28,12,60.87,
105年6月,臭氧,承德站,2534316T0025,30,686,17.55,0,0,0,0,61.5,27,13,41.02,
105年6月,臭氧,中北站,2533916T0022,29,630,13.15,0,0,0,0,76.8,7,12,40.9,
105年7月,臭氧,中正站,2533616A0015,31,654,27.73,0,0,40,6.1,119.2,24,11,68.26,
105年7月,臭氧,大直站,2533916A0007,31,709,26.76,0,0,31,4.4,108.6,28,12,63.52,
105年7月,臭氧,信義站,2534516A0004,31,708,20.92,0,0,11,1.6,99.4,28,12,53.59,
105年7月,臭氧,南港站,2534116A0005,31,703,25.88,0,0,33,4.7,115.6,19,12,65.41,
105年7月,臭氧,內湖站,2534216A0011,31,709,20.34,0,0,0,0,90.2,28,12,45.87,
105年7月,臭氧,木柵站,2534016A0012,31,697,22.81,0,0,28,4,112.9,28,13,63.5,
105年7月,臭氧,承德站,2534316T0025,31,710,18.88,0,0,0,0,77.1,28,11,42.76,
105年7月,臭氧,中北站,2533916T0022,31,651,15.1,0,0,0,0,87.9,24,11,42.63,
105年8月,臭氧,中正站,2533616A0015,31,685,29.96,3,0.4,44,6.4,151.3,31,12,60.65,
105年8月,臭氧,大直站,2533916A0007,31,708,30.27,3,0.4,32,4.5,136.2,31,12,55.4,
105年8月,臭氧,信義站,2534516A0004,31,683,22.87,0,0,3,0.4,84.4,20,12,48.21,
105年8月,臭氧,南港站,2534116A0005,31,687,26.57,2,0.3,39,5.7,152.5,31,12,56.86,
105年8月,臭氧,內湖站,2534216A0011,31,679,22.2,0,0,8,1.2,109.5,31,12,40.33,
105年8月,臭氧,木柵站,2534016A0012,31,684,23.86,3,0.4,23,3.4,145.4,31,13.60.81,,
105年8月,臭氧,承德站,2534316T0025,31,701,20.21,0,0,2,0.3,94.5,31,11,35.54,
105年8月,臭氧,中北站,2533916T0022,31,677,16.77,0,0,6,0.9,104.9,31,12,38.54,
105年9月,臭氧,中正站,2533616A0015,30,649,25.89,0,0,11,1.7,108.1,1,13,47.72,
105年9月,臭氧,大直站,2533916A0007,30,684,27.05,0,0,10,1.5,101.5,1,12,46.64,
105年9月,臭氧,信義站,2534516A0004,30,677,21.13,0,0,6,0.9,92.8,1,13,38.36,
105年9月,臭氧,南港站,2534116A0005,30,663,24.54,0,0,6,0.9,116.2,1,12,45.56,
105年9月,臭氧,內湖站,2534216A0011,30,681,23.07,0,0,6,0.9,102.5,1,12,41.9,
105年9月,臭氧,木柵站,2534016A0012,27,531,18.46,0,0,7,1.3,111.6,1,13,36.26,
105年9月,臭氧,承德站,2534316T0025,30,672,17.54,0,0,0,0,76,1,12,32.22,
105年9月,臭氧,中北站,2533916T0022,30,678,14.17,0,0,0,0,72.7,1,13,31.12,
105年10月,臭氧,中正站,2533616A0015,31,692,24.7,2,0.3,21,3,130.8,26,13,48.06,
105年10月,臭氧,大直站,2533916A0007,31,708,27.49,0,0,20,2.8,114.6,26,13,45.06,
105年10月,臭氧,信義站,2534516A0004,31,708,20.47,0,0,6,0.8,103.3,27,12,37.71,
105年10月,臭氧,南港站,2534116A0005,31,656,24.03,0,0,11,1.7,109.1,26,15,40.73,
105年10月,臭氧,內湖站,2534216A0011,31,702,23.94,0,0,10,1.4,108,26,13,41.82,
105年10月,臭氧,木柵站,2534016A0012,30,674,21.3,2,0.3,15,2.2,127.6,26,14,44.04,
105年10月,臭氧,承德站,2534316T0025,31,709,16.59,0,0,0,0,81.4,26,12,30.06,
105年10月,臭氧,中北站,2533916T0022,31,661,12.57,0,0,2,0.3,81.5,25,14,29.97,
104年1月,懸浮微粒,中正站,2533616A0015,31,724,44,157,1,0,83.92,17,0,0,0,0
104年1月,懸浮微粒,大直站,2533916A0007,31,726,61.2,246.44,1,1,129.52,17,3,0.4,1,3.2
104年1月,懸浮微粒,信義站,2534516A0004,31,732,41.86,160.3,1,0,83.48,17,0,0,0,0
104年1月,懸浮微粒,南港站,2534116A0005,27,665,45.01,177.46,1,1,92.83,17,0,0,0,0
104年1月,懸浮微粒,內湖站,2534216A0011,30,708,43.11,159.93,1,1,85.94,17,0,0,0,0
104年1月,懸浮微粒,木柵站,2534016A0012,27,680,35.38,130.62,1,2,86.16,22,0,0,0,0
104年1月,懸浮微粒,承德站,2534316T0025,26,657,52.41,177.9,1,1,99.89,17,0,0,0,0
104年1月,懸浮微粒,中北站,2533916T0022,27,676,55.05,150.9,1,2,89.13,22,0,0,0,0
104年2月,懸浮微粒,中正站,2533616A0015,28,643,42.94,128,5,10,92.46,18,0,0,0,0
104年2月,懸浮微粒,大直站,2533916A0007,28,649,55.1,181.21,13,11,126.44,18,0,0,1,3.6
104年2月,懸浮微粒,信義站,2534516A0004,28,662,40.03,145.5,18,10,101.14,18,0,0,0,0
104年2月,懸浮微粒,南港站,2534116A0005,28,657,41.96,153.38,5,11,96.49,18,0,0,0,0
104年2月,懸浮微粒,內湖站,2534216A0011,28,649,40.45,137,5,12,91.82,18,0,0,0,0
104年2月,懸浮微粒,木柵站,2534016A0012,27,639,35.28,115.62,18,12,85.75,18,0,0,0,0
104年2月,懸浮微粒,承德站,2534316T0025,28,658,49.9,163.02,5,11,101.48,5,0,0,0,0
104年2月,懸浮微粒,中北站,2533916T0022,28,672,55,133.3,21,23,94.33,18,0,0,0,0
104年3月,懸浮微粒,中正站,2533616A0015,31,723,39.29,120,22,21,82.7,30,0,0,0,0
104年3月,懸浮微粒,大直站,2533916A0007,29,712,49.35,173.39,22,22,101.27,22,0,0,0,0
104年3月,懸浮微粒,信義站,2534516A0004,31,734,37.23,139,23,5,79.5,22,0,0,0,0
104年3月,懸浮微粒,南港站,2534116A0005,31,716,40.71,141.11,23,6,90.9,22,0,0,0,0
104年3月,懸浮微粒,內湖站,2534216A0011,31,707,38.24,127.19,23,6,78.65,22,0,0,0,0
104年3月,懸浮微粒,木柵站,2534016A0012,31,716,31.81,122.61,19,19,67.98,22,0,0,0,0
104年3月,懸浮微粒,承德站,2534316T0025,31,722,37.71,141.3,22,23,76.41,22,0,0,0,0
104年3月,懸浮微粒,中北站,2533916T0022,31,744,53.21,158.7,17,19,110,17,0,0,0,0
104年4月,懸浮微粒,中正站,2533616A0015,30,705,40.66,119,17,20,73.05,17,0,0,0,0
104年4月,懸浮微粒,大直站,2533916A0007,29,694,45.79,133.72,17,20,75.67,17,0,0,0,0
104年4月,懸浮微粒,信義站,2534516A0004,30,707,35.05,109.7,17,11,58.92,16,0,0,0,0
104年4月,懸浮微粒,南港站,2534116A0005,28,680,37.3,107.45,1,21,57.72,17,0,0,0,0
104年4月,懸浮微粒,內湖站,2534216A0011,29,683,38.88,103.54,17,20,65,18,0,0,0,0
104年4月,懸浮微粒,木柵站,2534016A0012,28,666,35.68,104.78,18,16,58.23,17,0,0,0,0
104年4月,懸浮微粒,承德站,2534316T0025,30,702,37.37,103.61,17,21,63.66,17,0,0,0,0
104年4月,懸浮微粒,中北站,2533916T0022,30,718,55.12,193.8,18,18,114.84,18,0,0,0,0
104年5月,懸浮微粒,中正站,2533616A0015,28,665,31.92,110,1,14,51.92,6,0,0,0,0
104年5月,懸浮微粒,大直站,2533916A0007,31,734,41.39,125,8,16,76.09,7,0,0,0,0
104年5月,懸浮微粒,信義站,2534516A0004,30,698,33.56,102.2,8,15,58.4,15,0,0,0,0
104年5月,懸浮微粒,南港站,2534116A0005,29,703,31.32,105,8,15,56.71,6,0,0,0,0
104年5月,懸浮微粒,內湖站,2534216A0011,30,720,37.86,93,8,16,60.26,6,0,0,0,0
104年5月,懸浮微粒,木柵站,2534016A0012,25,644,36.68,97.94,8,15,68.74,14,0,0,0,0
104年5月,懸浮微粒,承德站,2534316T0025,30,717,32.73,110,7,13,56.88,7,0,0,0,0
104年5月,懸浮微粒,中北站,2533916T0022,31,724,53.97,202.2,1,20,98.25,7,1,0.1,0,0
104年6月,懸浮微粒,中正站,2533616A0015,30,716,33.52,99,26,14,40.29,26,0,0,0,0
104年6月,懸浮微粒,大直站,2533916A0007,27,644,32.64,65.02,27,15,40.42,27,0,0,0,0
104年6月,懸浮微粒,信義站,2534516A0004,26,621,33.49,84.7,22,12,40.08,16,0,0,0,0
104年6月,懸浮微粒,南港站,2534116A0005,27,676,28.41,188.18,30,11,47.52,30,0,0,0,0
104年6月,懸浮微粒,內湖站,2534216A0011,30,714,35.92,61.31,16,17,42.8,16,0,0,0,0
104年6月,懸浮微粒,木柵站,2534016A0012,30,713,27.9,69,4,15,35.5,4,0,0,0,0
104年6月,懸浮微粒,承德站,2534316T0025,30,717,28.5,95,5,16,37.67,29,0,0,0,0
104年6月,懸浮微粒,中北站,2533916T0022,30,710,35,93.2,1,23,62.29,2,0,0,0,0
104年7月,懸浮微粒,中正站,2533616A0015,31,707,27.39,84,17,11,41.04,25,0,0,0,0
104年7月,懸浮微粒,大直站,2533916A0007,30,723,31.55,139.63,8,10,49.54,17,0,0,0,0
104年7月,懸浮微粒,信義站,2534516A0004,31,732,31.3,119,29,14,42.6,24,0,0,0,0
104年7月,懸浮微粒,南港站,2534116A0005,29,710,44.07,929.9,7,16,73.46,21,5,0.7,0,0
104年7月,懸浮微粒,內湖站,2534216A0011,30,732,30.81,71.67,17,12,45.37,16,0,0,0,0
104年7月,懸浮微粒,木柵站,2534016A0012,30,716,24.07,59,16,13,33.17,4,0,0,0,0
104年7月,懸浮微粒,承德站,2534316T0025,29,719,33.69,134,14,8,46.63,17,0,0,0,0
104年7月,懸浮微粒,中北站,2533916T0022,30,720,33.3,83.3,17,15,50.35,17,0,0,0,0
104年8月,懸浮微粒,中正站,2533616A0015,30,722,24.27,67,3,11,39.79,11,0,0,0,0
104年8月,懸浮微粒,大直站,2533916A0007,27,665,28.23,96,21,19,48.88,11,0,0,0,0
104年8月,懸浮微粒,信義站,2534516A0004,27,623,27.71,103.2,11,13,40.61,11,0,0,0,0
104年8月,懸浮微粒,南港站,2534116A0005,27,679,36.89,161,2,15,72.58,5,0,0,0,0
104年8月,懸浮微粒,內湖站,2534216A0011,29,703,27.59,72,11,14,45.46,11,0,0,0,0
104年8月,懸浮微粒,木柵站,2534016A0012,30,713,21.7,74,7,16,46,7,0,0,0,0
104年8月,懸浮微粒,承德站,2534316T0025,29,717,28.4,95,28,11,46.08,11,0,0,0,0
104年8月,懸浮微粒,中北站,2533916T0022,28,700,30.64,124.9,28,16,48.84,11,0,0,0,0
104年9月,懸浮微粒,中正站,2533616A0015,27,660,30.37,83,22,11,47.23,23,0,0,0,0
104年9月,懸浮微粒,大直站,2533916A0007,29,695,36.78,204,4,9,54.14,23,1,0.1,0,0
104年9月,懸浮微粒,信義站,2534516A0004,27,659,28.76,76.3,22,11,46.3,23,0,0,0,0
104年9月,懸浮微粒,南港站,2534116A0005,22,576,39.4,105,3,19,60.21,23,0,0,0,0
104年9月,懸浮微粒,內湖站,2534216A0011,25,659,29.49,80,22,11,41.42,22,0,0,0,0
104年9月,懸浮微粒,木柵站,2534016A0012,29,691,23.55,72,22,12,38.42,23,0,0,0,0
104年9月,懸浮微粒,承德站,2534316T0025,28,689,33.94,86,22,10,49.17,23,0,0,0,0
104年9月,懸浮微粒,中北站,2533916T0022,28,663,36.31,165.7,7,21,55.76,15,0,0,0,0
104年10月,懸浮微粒,中正站,2533616A0015,31,733,34.92,118,29,14,63.67,29,0,0,0,0
104年10月,懸浮微粒,大直站,2533916A0007,28,692,32.39,101,29,13,59.67,12,0,0,0,0
104年10月,懸浮微粒,信義站,2534516A0004,28,659,29.38,95.3,29,14,52.28,29,0,0,0,0
104年10月,懸浮微粒,南港站,2534116A0005,31,725,47.22,142,29,18,79.13,29,0,0,0,0
104年10月,懸浮微粒,內湖站,2534216A0011,30,719,37.01,108,12,14,62.13,29,0,0,0,0
104年10月,懸浮微粒,木柵站,2534016A0012,30,719,21.29,75,29,15,41.08,1,0,0,0,0
104年10月,懸浮微粒,承德站,2534316T0025,28,697,35.2,185,1,16,63.45,1,0,0,0,0
104年10月,懸浮微粒,中北站,2533916T0022,31,731,37.51,97.9,29,16,66.41,13,0,0,0,0
104年11月,懸浮微粒,中正站,2533616A0015,30,688,32.21,97,7,1,80.68,7,0,0,0,0
104年11月,懸浮微粒,大直站,2533916A0007,28,674,24.37,97,7,11,41.76,13,0,0,0,0
104年11月,懸浮微粒,信義站,2534516A0004,30,708,23.46,77,7,10,47.4,7,0,0,0,0
104年11月,懸浮微粒,南港站,2534116A0005,26,656,40.89,151,9,6,75.33,8,0,0,0,0
104年11月,懸浮微粒,內湖站,2534216A0011,27,673,30,123,7,9,54.81,8,0,0,0,0
104年11月,懸浮微粒,木柵站,2534016A0012,29,695,14.79,70,9,5,32.33,8,0,0,0,0
104年11月,懸浮微粒,承德站,2534316T0025,26,665,26.37,90,24,3,57.13,7,0,0,0,0
104年11月,懸浮微粒,中北站,2533916T0022,22,552,33.04,174.7,18,16,63.08,7,0,0,0,0
104年12月,懸浮微粒,中正站,2533616A0015,30,697,35.4,121,16,14,67.04,3,0,0,0,0
104年12月,懸浮微粒,大直站,2533916A0007,31,737,36.08,119,16,15,96.92,16,0,0,0,0
104年12月,懸浮微粒,信義站,2534516A0004,31,716,28.29,95,3,16,71.17,16,0,0,0,0
104年12月,懸浮微粒,南港站,2534116A0005,25,649,44.81,168,15,17,102.92,16,0,0,0,0
104年12月,懸浮微粒,內湖站,2534216A0011,30,710,35.94,122,16,13,95.29,16,0,0,0,0
104年12月,懸浮微粒,木柵站,2534016A0012,31,740,21.81,76,16,8,59,16,0,0,0,0
104年12月,懸浮微粒,承德站,2534316T0025,28,683,36.15,126,31,18,94.92,16,0,0,0,0
104年12月,懸浮微粒,中北站,2533916T0022,22,539,33,200.7,16,16,86.2,31,1,0.2,0,0
105年1月,懸浮微粒,中正站,2533616A0015,31,662,35.99,122,28,12,73.17,19,0,0,0,0
105年1月,懸浮微粒,大直站,2533916A0007,31,683,33.52,104,15,12,78.54,19,0,0,0,0
105年1月,懸浮微粒,信義站,2534516A0004,29,652,24.39,115.2,6,20,54.31,19,0,0,0,0
105年1月,懸浮微粒,南港站,2534116A0005,29,658,38.63,132,2,14,85.54,19,0,0,0,0
105年1月,懸浮微粒,內湖站,2534216A0011,31,669,32.21,105,19,4,74.54,19,0,0,0,0
105年1月,懸浮微粒,木柵站,2534016A0012,31,684,18.59,94,28,14,41.13,2,0,0,0,0
105年1月,懸浮微粒,承德站,2534316T0025,30,666,34.62,102,28,11,72.79,2,0,0,0,0
105年1月,懸浮微粒,中北站,2533916T0022,27,597,40.82,142.4,1,0,88.88,19,0,0,0,0
105年2月,懸浮微粒,中正站,2533616A0015,29,689,38.43,151,20,19,95.71,6,0,0,0,0
105年2月,懸浮微粒,大直站,2533916A0007,29,693,35.88,158,20,19,99.04,21,0,0,0,0
105年2月,懸浮微粒,信義站,2534516A0004,29,665,27.47,119.3,20,19,77.37,21,0,0,0,0
105年2月,懸浮微粒,南港站,2534116A0005,27,663,36.82,198,21,5,94.79,21,0,0,0,0
105年2月,懸浮微粒,內湖站,2534216A0011,28,666,35.67,171,20,18,92.5,6,0,0,0,0
105年2月,懸浮微粒,木柵站,2534016A0012,24,591,19.92,80,20,19,52.46,6,0,0,0,0
105年2月,懸浮微粒,承德站,2534316T0025,29,695,37.26,153,20,18,92.38,6,0,0,0,0
105年2月,懸浮微粒,中北站,2533916T0022,26,630,44.76,253.5,15,12,109.15,21,2,0.3,0,0
105年3月,懸浮微粒,中正站,2533616A0015,30,711,40.79,146,31,15,88.33,31,0,0,0,0
105年3月,懸浮微粒,大直站,2533916A0007,28,698,39.12,141,31,19,91.25,31,0,0,0,0
105年3月,懸浮微粒,信義站,2534516A0004,31,716,25.63,114.3,31,15,50.54,31,0,0,0,0
105年3月,懸浮微粒,南港站,2534116A0005,30,713,41.22,153,30,0,71,30,0,0,0,0
105年3月,懸浮微粒,內湖站,2534216A0011,29,695,36.26,130,31,19,58.17,8,0,0,0,0
105年3月,懸浮微粒,木柵站,2534016A0012,20,485,26.52,78,31,16,43,31,0,0,0,0
105年3月,懸浮微粒,承德站,2534316T0025,19,516,41.56,147,30,17,90.04,30,0,0,0,0
105年3月,懸浮微粒,中北站,2533916T0022,26,660,43.33,95.8,18,16,65.4,30,0,0,0,0
105年4月,懸浮微粒,中正站,2533616A0015,30,662,45.37,113,29,20,78,30,0,0,0,0
105年4月,懸浮微粒,大直站,2533916A0007,30,717,41.55,110,29,12,89,29,0,0,0,0
105年4月,懸浮微粒,信義站,2534516A0004,26,534,28.33,91,7,12,66,29,0,0,0,0
105年4月,懸浮微粒,南港站,2534116A0005,27,620,58.02,132,29,17,105,29,0,0,0,0
105年4月,懸浮微粒,內湖站,2534216A0011,30,714,46.26,121,29,11,93,29,0,0,0,0
105年4月,懸浮微粒,木柵站,2534016A0012,30,701,30.76,92,20,19,51,7,0,0,0,0
105年4月,懸浮微粒,承德站,2534316T0025,30,715,54.54,165,30,14,125,30,0,0,1,3.3
105年4月,懸浮微粒,中北站,2533916T0022,7,108,62.25,125,29,13,105,29,0,0,0,0
105年5月,懸浮微粒,中正站,2533616A0015,30,715,32,83,3,23,53,1,0,0,0,0
105年5月,懸浮微粒,大直站,2533916A0007,28,702,31,81,3,23,54,1,0,0,0,0
105年5月,懸浮微粒,信義站,2534516A0004,31,734,23,56,27,12,39,4,0,0,0,0
105年5月,懸浮微粒,南港站,2534116A0005,24,656,40,100,4,0,69,1,0,0,0,0
105年5月,懸浮微粒,內湖站,2534216A0011,31,727,32,95,11,9,57,1,0,0,0,0
105年5月,懸浮微粒,木柵站,2534016A0012,31,744,24,55,5,13,36,1,0,0,0,0
105年5月,懸浮微粒,承德站,2534316T0025,30,721,39,126,7,6,72,1,0,0,0,0
105年5月,懸浮微粒,中北站,2533916T0022,28,675,44,97,22,0,70,4,0,0,0,0
105年6月,懸浮微粒,中正站,2533616A0015,30,685,26.17,56,3,16,34.4,16,0,0,0,0
105年6月,懸浮微粒,大直站,2533916A0007,30,720,23.62,67,20,9,32.9,23,0,0,0,0
105年6月,懸浮微粒,信義站,2534516A0004,27,569,22.97,57,23,14,39.8,13,0,0,0,0
105年6月,懸浮微粒,南港站,2534116A0005,30,668,32.05,95,27,1,45.5,4,0,0,0,0
105年6月,懸浮微粒,內湖站,2534216A0011,30,692,28.4,53,7,14,38.2,23,0,0,0,0
105年6月,懸浮微粒,木柵站,2534016A0012,30,665,19.29,53,29,16,27.4,29,0,0,0,0
105年6月,懸浮微粒,承德站,2534316T0025,30,710,24.41,101,7,14,32.7,27,0,0,0,0
105年6月,懸浮微粒,中北站,2533916T0022,29,564,30.14,78,13,15,41.6,23,0,0,0,0
105年7月,懸浮微粒,中正站,2533616A0015,31,671,26.79,75,26,10,42,24,0,0,0,0
105年7月,懸浮微粒,大直站,2533916A0007,31,741,26.07,64,26,10,38.9,22,0,0,0,0
105年7月,懸浮微粒,信義站,2534516A0004,31,705,24.06,95,22,19,37,23,0,0,0,0
105年7月,懸浮微粒,南港站,2534116A0005,31,725,28.02,88,17,2,42.1,26,0,0,0,0
105年7月,懸浮微粒,內湖站,2534216A0011,31,723,31.3,96,13,10,47.2,26,0,0,0,0
105年7月,懸浮微粒,木柵站,2534016A0012,31,738,19.51,52,24,13,30.6,24,0,0,0,0
105年7月,懸浮微粒,承德站,2534316T0025,31,679,29.14,105,31,20,47.8,29,0,0,0,0
105年7月,懸浮微粒,中北站,2533916T0022,31,711,32.88,110,28,7,54,28,0,0,0,0
105年8月,懸浮微粒,中正站,2533616A0015,31,723,26.61,79,31,13,50.4,31,0,0,0,0
105年8月,懸浮微粒,大直站,2533916A0007,31,740,24.19,85,31,13,55,31,0,0,0,0
105年8月,懸浮微粒,信義站,2534516A0004,31,612,24.11,80.4,9,15,50.7,16,0,0,0,0
105年8月,懸浮微粒,南港站,2534116A0005,31,698,28.09,82,31,17,54.7,28,0,0,0,0
105年8月,懸浮微粒,內湖站,2534216A0011,31,690,28.94,103,31,17,58.1,31,0,0,0,0
105年8月,懸浮微粒,木柵站,2534016A0012,29,652,20.34,67,24,0,33.7,31,0,0,0,0
105年8月,懸浮微粒,承德站,2534316T0025,29,584,44.82,114,23,15,73.2,17,0,0,0,0
105年8月,懸浮微粒,中北站,2533916T0022,30,642,35.73,102,22,8,66,17,0,0,0,0
105年9月,懸浮微粒,中正站,2533616A0015,30,679,26.71,65,19,11,49.2,1,0,0,0,0
105年9月,懸浮微粒,大直站,2533916A0007,30,702,26.31,93,7,11,50.6,1,0,0,0,0
105年9月,懸浮微粒,信義站,2534516A0004,30,689,20.39,66.9,2,13,41.4,1,0,0,0,0
105年9月,懸浮微粒,南港站,2534116A0005,30,681,34.92,107,28,12,63.5,28,0,0,0,0
105年9月,懸浮微粒,內湖站,2534216A0011,30,684,29.92,76,1,14,52.5,1,0,0,0,0
105年9月,懸浮微粒,木柵站,2534016A0012,27,603,19.81,61,1,15,34.3,19,0,0,0,0
105年9月,懸浮微粒,承德站,2534316T0025,30,702,35.71,108,28,0,74.5,1,0,0,0,0
105年9月,懸浮微粒,中北站,2533916T0022,28,599,26.07,73.8,1,16,51.3,1,0,0,0,0
105年10月,懸浮微粒,中正站,2533616A0015,31,642,24.52,94,27,22,57.8,26,0,0,0,0
105年10月,懸浮微粒,大直站,2533916A0007,31,624,25.1,77,26,14,62.3,27,0,0,0,0
105年10月,懸浮微粒,信義站,2534516A0004,31,661,21.58,94,27,13,48.1,27,0,0,0,0
105年10月,懸浮微粒,南港站,2534116A0005,31,614,31.07,114,26,21,71.4,28,0,0,0,0
105年10月,懸浮微粒,內湖站,2534216A0011,31,670,26.68,108,27,0,65.5,27,0,0,0,0
105年10月,懸浮微粒,木柵站,2534016A0012,29,587,18.32,77,27,15,47.5,27,0,0,0,0
105年10月,懸浮微粒,承德站,2534316T0025,31,689,31.25,99,26,12,72.2,27,0,0,0,0
105年10月,懸浮微粒,中北站,2533916T0022,30,496,25.28,74,25,19,50.5,28,0,0,0,0
